Name,Code,Category,Price,52 Weeks low,52 Weeks hi,Volume,EPS,DPS,NTA,PE,DY,ROE,PTBV,Mcap,Book value
DIGI [s],6947,"Telecommunications & Media, Main Market",4.21,3.82,5.1,8666,18.31,18.2,0.08,23,4.32,228.85,52.62,32732.75,-0.040076336
CARLSBG,2836,"Consumer Products & Services, Main Market",25.48,17.38,39.26,1936,90.4,100,0.58,28.19,3.92,155.86,43.93,7790.46,-0.089928058
BAT,4162,"Consumer Products & Services, Main Market",10.84,9.26,31,3328,107.4,118,1.23,10.09,10.89,87.32,8.81,3095.15,-0.02
SIGGAS [s],5181,"Industrial Products & Services, Main Market",0.45,0.375,0.49,6222,42.95,55.7,0.55,1.05,123.78,78.09,0.82,84.38,-0.111111111
NESTLE [s],4707,"Consumer Products & Services, Main Market",138.7,120,149.9,275,266.1,280,3.66,52.12,2.02,72.7,37.9,32525.15,-0.25
HEIM,3255,"Consumer Products & Services, Main Market",22.48,17.3,31.74,1896,104.97,108,1.49,21.41,4.8,70.45,15.09,6791.16,-0.083333333
ASTRO,6399,"Telecommunications & Media, Main Market",0.825,0.705,1.61,65086,10.6,7.5,0.169,7.78,9.09,62.82,4.89,4301.97,-1.5
DLADY [s],3026,"Consumer Products & Services, Main Market",43,34,64.5,0,143.43,100,2.61,29.98,2.33,54.95,16.48,2752,-0.5
SEM,5250,"Consumer Products & Services, Main Market",1.3,1.21,1.51,2456,4.4,2.3,0.098,29.54,1.77,44.68,13.2,1603.4,#DIV/0!
SEG [s],9792,"Consumer Products & Services, Main Market",0.605,0.595,0.645,622,3.65,2.5,0.082,16.59,4.13,44.42,7.37,765.06,#DIV/0!
PINEPAC [s],1902,"Plantation, Main Market",0.285,0.14,0.545,800,59.43,,1.37,0.48,,43.38,0.21,42.69,#DIV/0!
UCHITEC [s],7100,"Industrial Products & Services, Main Market",2.71,1.7,2.9,13119,16.85,16,0.4,16.08,5.9,42.14,6.78,1222.71,#DIV/0!
ADVENTA [s],7191,"Health Care, Main Market",1.39,0.28,2.28,26506,15.96,7,0.44,8.71,5.04,36.26,3.16,212.37,76.5
CANONE [s],5105,"Industrial Products & Services, Main Market",2.64,1.6,3.7,6,316.25,6,8.942,0.83,2.27,35.37,0.3,507.28,5
PARAMON [s],1724,"Property, Main Market",0.91,0.63,1.302,2849,91.93,8.5,2.61,0.99,9.34,35.22,0.35,559.14,0.333333333
MYEG [s],138,"Technology, Main Market",1.42,0.765,1.7,231620,6.82,1.9,0.198,20.82,1.34,34.43,7.17,5120.95,0.125
WELLCAL [s],7231,"Industrial Products & Services, Main Market",0.81,0.55,1.22,4548,7.16,5.65,0.238,11.32,6.98,30.07,3.4,403.34,1.8
HUPSENG [s],5024,"Consumer Products & Services, Main Market",0.955,0.745,1.08,4978,5.14,6,0.18,18.57,6.28,28.57,5.31,764,3
TAKAFUL [s],6139,"Financial Services, Main Market",4.44,2.93,7.1,1816,44.75,20,1.59,9.92,4.5,28.14,2.79,3670.96,0.625
BURSA [s],1818,"Financial Services, Main Market",7.28,4.32,8.55,47628,25.2,20.8,0.9,28.89,2.86,28,8.09,5885.9,1
ARBB [s],7181,"Technology, Main Market",0.315,0.095,0.51,56437,10,,0.4,3.15,,25.01,0.79,115.02,0.833333333
IQZAN [s],7183,"Industrial Products & Services, Main Market",0.08,0.04,0.125,4,6.85,,0.28,1.17,,24.48,0.29,14.79,3.333333333
LITRAK [s],6645,"Transportation & Logistics, Main Market",4.19,3.3,4.97,736,50.15,25,2.07,8.35,5.97,24.23,2.02,2226.41,0.555555556
UWC [s],5292,"Technology, Main Market",3.66,0.733,4.1,28630,8.94,,0.37,40.94,,24.16,9.89,2013.73,1.9
WPRTS [s],5246,"Transportation & Logistics, Main Market",3.68,2.97,4.54,2808,17.71,13,0.733,20.78,3.53,24.16,5.02,12548.8,2.05
AMWAY [s],6351,"Consumer Products & Services, Main Market",5.06,4.5,6.16,85,30.87,27.5,1.29,16.39,5.43,23.93,3.92,831.79,1.363636364
DSONIC [s],5216,"Technology, Main Market",1.46,0.52,1.69,61898,4.47,3,0.19,32.67,2.05,23.5,7.68,1971,0.681818182
GDB [s],198,"Construction, Main Market",0.555,0.285,0.795,2167,4.45,2,0.19,12.47,3.6,23.42,2.92,346.88,2.5
DUFU [s],7233,"Industrial Products & Services, Main Market",4.94,1.55,5.3,4945,20.7,8,0.91,23.86,1.62,22.75,5.43,1300.24,0.833333333
GCB [s],5102,"Consumer Products & Services, Main Market",2.55,1.5,4.197,6870,23.29,5,1.04,10.95,1.96,22.39,2.45,2610.4,0.166666667
SCICOM,99,"Industrial Products & Services, Main Market",0.94,0.48,1.3,6299,6.31,5.5,0.29,14.89,5.85,21.77,3.24,334.13,0.791666667
BAUTO [s],5248,"Consumer Products & Services, Main Market",1.53,0.935,2.78,17836,8.64,21.25,0.404,17.71,13.89,21.38,3.79,1780.23,0.625
LIIHEN [s],7089,"Consumer Products & Services, Main Market",2.45,1.57,3.29,2050,44.97,15.5,2.15,5.45,6.33,20.92,1.14,441,0.423076923
MAXIS [s],6012,"Telecommunications & Media, Main Market",5.34,4.59,5.79,5093,18.77,20,0.9,28.45,3.75,20.86,5.93,41761.46,1
MAGNI [s],7087,"Consumer Products & Services, Main Market",2.09,1.24,2.74,4168,28.07,8.62,1.4,7.45,4.12,20.05,1.49,906.96,0.384615385
PWROOT [s],7237,"Consumer Products & Services, Main Market",2.23,1.479,2.776,599,12.32,12.5,0.62,18.11,5.61,19.86,3.6,930.26,0.192307692
GASMSIA [s],5209,"Utilities, Main Market",2.88,2.3,2.96,1070,15.68,14.1,0.8,18.37,4.9,19.6,3.6,3697.92,1.807692308
TOPGLOV [s],7113,"Health Care, Main Market",14.9,4.21,18,142382,24.31,7.5,1.29,61.29,0.5,18.84,11.55,40151.2,0.884615385
LPI,8621,"Financial Services, Main Market",13.4,9.9,16.28,158,81.11,70,4.305,16.52,5.22,18.84,3.11,5338.33,2.076923077
PADINI [s],7052,"Consumer Products & Services, Main Market",2.49,1.78,3.87,4319,22.26,11.5,1.19,11.19,4.62,18.71,2.09,1638.2,0.5
SERBADK [s],5279,"Energy, Main Market",1.6,1.02,2.954,132355,15.28,5.75,0.82,10.47,3.59,18.64,1.95,5424.57,2.5
THHEAVY [s],7206,"Energy, Main Market",0.085,0.04,0.145,13370,1.1,,0.06,7.7,,18.4,1.42,95.32,1.107142857
GTRONIC [s],7022,"Technology, Main Market",2.08,1.284,2.441,28822,7.84,7.5,0.43,26.52,3.61,18.24,4.84,1392.45,1.392857143
FRONTKN [s],128,"Technology, Main Market",2.45,0.985,3.06,23400,6.72,2.5,0.37,36.47,1.02,18.16,6.62,2580.92,0.535714286
SUNCON [s],5263,"Construction, Main Market",1.91,1.25,2.2,654,8.87,7,0.5,21.54,3.66,17.74,3.82,2469.44,3.142857143
PENTA [s],7160,"Technology, Main Market",5.31,2.37,5.58,44781,16.9,,0.955,31.42,,17.7,5.56,2521.6,1.714285714
HARTA [s],5168,"Health Care, Main Market",11.94,4.8,13.5,64700,12.83,8.2,0.75,93.04,0.69,17.11,15.92,40452.79,1.214285714
BJTOTO,1562,"Consumer Products & Services, Main Market",2.19,1.94,2.82,6067,10.08,16,0.59,21.74,7.31,17.08,3.71,2958.76,1
MI [s],5286,"Technology, Main Market",2.49,1.02,3.11,25047,8.35,4,0.49,29.84,1.61,17.03,5.08,1867.5,1.866666667
FPGROUP [s],5277,"Industrial Products & Services, Main Market",0.765,0.305,1.01,41364,2.86,1.2,0.169,26.77,1.57,16.89,4.52,414.88,0.833333333
DAYANG [s],5141,"Energy, Main Market",1.26,0.71,3.01,45102,23.53,,1.41,5.35,,16.69,0.89,1337.23,2.733333333
MBWORLD [s],7189,"Property, Main Market",0.99,0.89,1.7,1095,29.7,10,1.82,3.33,10.1,16.32,0.54,155.8,1.633333333
KPOWER [s],7130,"Consumer Products & Services, Main Market",2.29,0.735,3.11,8016,9.29,,0.57,24.64,,16.3,4.02,191.82,3.6
CARIMIN [s],5257,"Energy, Main Market",0.645,0.325,1.47,22037,11.58,3,0.718,5.57,4.65,16.13,0.9,150.85,8.866666667
SERNKOU [s],7180,"Consumer Products & Services, Main Market",1.29,0.44,1.35,6431,6.87,,0.43,18.77,,15.98,3,329.34,0.34375
ASB,1481,"Consumer Products & Services, Main Market",0.14,0.07,0.24,26256,8.13,0.35,0.51,1.72,2.5,15.94,0.27,130.09,1.75
F&N [s],3689,"Consumer Products & Services, Main Market",32,24.12,36,378,112.74,60,7.15,28.38,1.88,15.77,4.48,11736.91,1.21875
SCIENTX [s],4731,"Industrial Products & Services, Main Market",8.91,5.96,9.87,773,73.94,20,4.72,12.05,2.24,15.67,1.89,4596.46,0.4375
HAPSENG,3034,"Industrial Products & Services, Main Market",8.65,6.7,10.26,2824,46.8,35,3,18.48,4.05,15.6,2.88,21535.75,0.15625
KOSSAN [s],7153,"Health Care, Main Market",7.95,3.93,9.45,22211,18.05,6,1.16,44.04,0.75,15.55,6.85,10167.54,3
KOTRA [s],2,"Health Care, Main Market",2.96,1.6,3.35,46,19.37,7.4,1.25,15.28,2.5,15.5,2.37,430.59,1.529411765
HOMERIZ [s],5160,"Consumer Products & Services, Main Market",0.535,0.355,0.75,467,8.46,3,0.55,6.32,5.61,15.39,0.97,160.51,3.058823529
MATRIX [s],5236,"Property, Main Market",1.75,1.24,1.99,1174,29.31,12.75,1.91,5.97,7.29,15.34,0.92,1459.88,1.911764706
AEONCR,5139,"Financial Services, Main Market",9.36,7.7,17,4141,92.14,36.25,6.01,10.16,3.87,15.33,1.56,2374.17,2.323529412
VITROX [s],97,"Technology, Main Market",9.25,6.09,9.57,2059,16.37,4.3,1.069,56.52,0.46,15.31,8.65,4357.85,1.388888889
RCECAP,9296,"Financial Services, Main Market",1.89,1.22,1.97,4158,29.34,11,1.92,6.44,5.82,15.28,0.98,712.22,2.666666667
KKB [s],9466,"Industrial Products & Services, Main Market",1.65,1.26,2.37,1133,20.16,4,1.33,8.18,2.42,15.16,1.24,425.36,1.222222222
RGB,37,"Consumer Products & Services, Main Market",0.145,0.1,0.225,54255,2.57,0.3,0.17,5.65,2.07,15.11,0.85,224.5,1.194444444
DIALOG [s],7277,"Energy, Main Market",3.63,2.7,3.99,25644,10.89,3.8,0.722,33.33,1.05,15.08,5.03,20479.16,1.111111111
HLIND [s],3301,"Consumer Products & Services, Main Market",7.99,6.04,11.6,785,85.05,42,5.67,9.39,5.26,15,1.41,2619.95,0.916666667
DAIBOCI [s],8125,"Industrial Products & Services, Main Market",2.47,1.45,2.6,409,11.02,2,0.75,22.41,0.81,14.7,3.29,809.91,0.416666667
ATAIMS [s],8176,"Industrial Products & Services, Main Market",1.28,0.665,1.85,3372,8.05,3.29,0.55,15.9,2.57,14.63,2.33,1541.6,0.888888889
DBE [s],7179,"Consumer Products & Services, Main Market",0.03,0.02,0.035,12427,0.43,,0.03,6.97,,14.34,1,85.12,0.894736842
MASTER [s],7029,"Industrial Products & Services, Main Market",1.8,0.605,3.2,8025,28.63,4,2,6.29,2.22,14.32,0.9,98.32,1.157894737
SAMCHEM,5147,"Industrial Products & Services, Main Market",0.66,0.35,0.89,9950,8.41,,0.59,7.84,,14.26,1.12,179.52,1.078947368
INTA [s],192,"Construction, Main Market",0.215,0.15,0.31,2668,3.64,1,0.256,5.9,4.65,14.23,0.84,115.08,0.131578947
ECM,2143,"Financial Services, Main Market",0.21,0.14,0.295,0,5.81,0,0.41,3.61,0,14.18,0.51,100.78,2.263157895
PESTECH [s],5219,"Industrial Products & Services, Main Market",0.915,0.6,1.53,2822,10.89,,0.768,8.4,,14.18,1.19,699.33,1.947368421
OMESTI [s],9008,"Technology, Main Market",0.515,0.32,0.715,16386,4.94,,0.348,10.43,,14.16,1.48,273.38,1.842105263
KGB [s],151,"Industrial Products & Services, Main Market",1.01,0.59,1.43,3146,7.2,2,0.511,14.04,1.98,14.08,1.98,325.62,1.105263158
MAYBULK,5077,"Transportation & Logistics, Main Market",0.4,0.18,0.785,46806,5.11,,0.364,7.83,,14.02,1.1,400,1.05
PMETAL [s],8869,"Industrial Products & Services, Main Market",4.51,2.74,5.24,10765,11.35,5,0.81,39.72,1.11,14.02,5.57,18211.87,1.775
HOHUP [s],5169,"Construction, Main Market",0.56,0.24,0.64,31142,15.26,,1.09,3.67,,14,0.51,230.94,2.15
PETGAS [s],6033,"Utilities, Main Market",16.98,13.36,19,3119,90.35,82,6.561,18.79,4.83,13.77,2.59,33598.87,3.05
PANAMY,3719,"Consumer Products & Services, Main Market",28.96,22.82,41.2,112,179.68,226,13.09,16.12,7.8,13.73,2.21,1759.2,1.35
PTARAS [s],9598,"Construction, Main Market",2.62,1.8,3.43,0,26.96,20,1.97,9.72,7.63,13.68,1.33,434.57,1.325
LEESK [s],8079,"Consumer Products & Services, Main Market",0.535,0.325,0.88,54,4.29,2.5,0.32,12.47,4.67,13.41,1.67,89.78,1.075
INARI [s],166,"Technology, Main Market",1.68,0.9,2.09,117948,4.88,5.2,0.368,34.43,3.1,13.27,4.57,5459.11,1.225
COCOLND [s],7205,"Consumer Products & Services, Main Market",1.76,1.39,2.22,5466,14.8,10,1.12,11.89,5.68,13.21,1.57,402.69,1.025
EITA [s],5208,"Industrial Products & Services, Main Market",1.21,1.02,1.6,204,18.47,6,1.4,6.55,4.96,13.19,0.86,157.3,0.375
SAM [s],9822,"Industrial Products & Services, Main Market",7.52,4.2,8.64,3784,59.06,29.05,4.51,12.73,3.86,13.09,1.67,1016.46,0.523809524
RANHILL [s],5272,"Utilities, Main Market",0.93,0.82,1.44,1304,7.3,5,0.56,12.74,5.38,13.04,1.66,997.83,1.761904762
BIMB [s],5258,"Financial Services, Main Market",3.45,2.79,4.6,598,44.27,16,3.4,7.79,4.64,13.02,1.01,6184.69,2.666666667
MBL [s],5152,"Industrial Products & Services, Main Market",1.35,0.92,1.5,1860,17.95,3,1.38,7.52,2.22,13.01,0.98,146.27,1.428571429
KERJAYA [s],7161,"Construction, Main Market",1.05,0.785,1.49,6109,11.28,3.5,0.87,9.31,3.33,12.97,1.21,1304.07,2.023809524
MELEWAR [s],3778,"Industrial Products & Services, Main Market",0.205,0.09,0.385,9847,11.49,,0.89,1.78,,12.91,0.23,73.68,1.80952381
ELSOFT [s],90,"Technology, Main Market",0.635,0.385,1.08,7002,1.93,3,0.15,32.84,4.72,12.89,4.23,426.13,1.80952381
ALLIANZ,1163,"Financial Services, Main Market",14.22,11.4,16.87,177,267.43,65,21.14,5.32,4.57,12.65,0.67,2515.36,3.833333333
AHEALTH [s],7090,"Health Care, Main Market",2.8,1.77,3.1,824,11.76,3.7,0.93,23.8,1.32,12.65,3.01,1326.22,1.547619048
COMFORT [s],2127,"Industrial Products & Services, Main Market",2.77,0.605,4.22,207209,7.05,1.5,0.56,39.28,0.54,12.59,4.95,1614.77,0.071428571
PBBANK,1295,"Financial Services, Main Market",16.56,12.58,23.3,12630,139.89,73,11.145,11.84,4.41,12.55,1.49,64288.21,1.659090909
TIMECOM [s],5031,"Telecommunications & Media, Main Market",10.84,8.3,11.98,8004,57.88,29.03,4.63,18.73,2.68,12.5,2.34,6533.81,0.090909091
YINSON [s],7293,"Energy, Main Market",5.89,4.24,7.42,9446,18.86,6,1.51,31.24,1.02,12.49,3.9,6458.88,2.977272727
TEOSENG [s],7252,"Consumer Products & Services, Main Market",0.89,0.65,1.42,8665,12.89,6,1.04,6.91,6.74,12.39,0.86,267.01,1.590909091
FPI [s],9172,"Consumer Products & Services, Main Market",1.4,1.08,1.8,2088,15.84,11,1.28,8.84,7.86,12.38,1.09,346.3,3.045454545
EWEIN [s],7249,"Property, Main Market",0.34,0.185,0.725,5516,10.88,,0.88,3.12,,12.36,0.39,102.54,1.477272727
SKPRES [s],7155,"Industrial Products & Services, Main Market",1.39,0.66,1.59,47806,6.05,3.84,0.49,22.96,2.76,12.36,2.84,1737.76,1.477272727
JOHOTIN [s],7167,"Consumer Products & Services, Main Market",1.41,0.98,1.9,1860,13.53,6.4,1.1,10.42,4.54,12.3,1.28,437.76,0.795454545
FAJAR [s],7047,"Construction, Main Market",0.305,0.14,0.435,43230,10.25,1.5,0.836,2.98,4.92,12.26,0.36,114.03,0.636363636
ZECON [s],7028,"Construction, Main Market",0.525,0.225,0.7,63649,22.34,,1.827,2.35,,12.23,0.29,75.66,1.818181818
LUXCHEM [s],5143,"Industrial Products & Services, Main Market",0.635,0.33,1.01,35466,4.25,2.25,0.35,14.96,3.54,12.13,1.81,568.84,1.477272727
CCK [s],7035,"Consumer Products & Services, Main Market",0.5,0.3,0.595,6207,5.33,1.25,0.44,9.38,2.5,12.11,1.14,315.36,1.159090909
AJI [s],2658,"Consumer Products & Services, Main Market",15.82,9.96,17.88,1447,98.44,47,8.15,16.07,2.97,12.08,1.94,961.83,0.818181818
BPPLAS [s],5100,"Industrial Products & Services, Main Market",1.11,0.61,1.25,681,12.26,6,1.03,9.05,5.41,11.9,1.08,208.33,0.369565217
PTRANS [s],186,"Consumer Products & Services, Main Market",0.185,0.125,0.27,23150,2.81,1,0.236,6.59,5.41,11.89,0.78,263.21,0.673913043
KOBAY [s],6971,"Industrial Products & Services, Main Market",1.89,1.23,2.04,602,22.11,3,1.88,8.55,1.59,11.76,1.01,192.96,0.804347826
UMW [s],4588,"Consumer Products & Services, Main Market",2.62,1.65,5.48,2179,37.6,6,3.204,6.97,2.29,11.74,0.82,3060.93,1.130434783
QL [s],7084,"Consumer Products & Services, Main Market",9.48,6.5,10.2,2372,14.77,4.5,1.27,64.2,0.47,11.63,7.46,15380.71,0.956521739
EATECH [s],5259,"Transportation & Logistics, Main Market",0.36,0.2,0.485,5910,6.01,0,0.52,5.99,0,11.55,0.69,190.98,0.695652174
CYPARK [s],5184,"Industrial Products & Services, Main Market",0.985,0.605,1.61,48185,19.68,,1.71,5.01,,11.51,0.58,460.43,1.369565217
CIHLDG [s],2828,"Consumer Products & Services, Main Market",1.19,0.82,1.55,100,15.61,8,1.36,7.63,6.72,11.47,0.88,192.78,0.173913043
MBMR [s],5983,"Consumer Products & Services, Main Market",3.27,2.5,4.47,1997,50.67,22,4.47,6.45,6.73,11.34,0.73,1278.2,1.195652174
SUPERMX [s],7106,"Health Care, Main Market",6.85,1.29,9.3,210998,10.37,,0.92,66.07,,11.27,7.45,9318.12,1.869565217
SHCHAN [s],4316,"Plantation, Main Market",0.26,0.205,0.42,300,4.87,,0.44,5.33,,11.08,0.59,34.29,1.166666667
POHUAT [s],7088,"Consumer Products & Services, Main Market",1.03,0.69,1.589,1263,18.16,,1.643,5.67,,11.05,0.63,251.74,0.625
KPJ [s],5878,"Health Care, Main Market",0.84,0.72,1.04,1452,4.75,2,0.43,17.7,2.38,11.04,1.95,3731.21,2.604166667
PENERGY [s],5133,"Energy, Main Market",0.74,0.385,1.86,2072,12.46,6,1.13,5.94,8.11,11.03,0.65,238.1,1.5625
TGUAN [s],7034,"Industrial Products & Services, Main Market",3.73,1.95,4.32,481,35.6,2,3.23,10.48,0.54,11.02,1.15,696.01,5.166666667
BOILERM [s],168,"Industrial Products & Services, Main Market",0.555,0.3,0.79,26556,4.51,2,0.41,12.31,3.6,10.99,1.35,286.38,1.75
JAKS [s],4723,"Construction, Main Market",0.87,0.62,1.57,13274,16.68,,1.52,5.21,,10.98,0.57,566.47,1.145833333
MAYBANK,1155,"Financial Services, Main Market",7.62,7,8.98,23987,75.07,64,6.937,10.15,8.4,10.82,1.1,85659.18,4.625
FAVCO [s],7229,"Industrial Products & Services, Main Market",2.26,1.71,3.02,2980,35.04,13.5,3.24,6.45,5.97,10.81,0.7,506.11,0.875
DBHD [s],3484,"Property, Main Market",0.39,0.15,0.52,6633,6.31,,0.588,6.18,,10.73,0.66,124.17,1
HAIO,7668,"Consumer Products & Services, Main Market",1.84,1.12,2.77,177,10.88,6,1.02,16.91,3.26,10.67,1.8,552.55,1.875
SLP [s],7248,"Industrial Products & Services, Main Market",0.84,0.69,1.42,0,6.32,5.5,0.594,13.3,6.55,10.64,1.41,266.25,0.8125
DANCO [s],5276,"Industrial Products & Services, Main Market",0.415,0.23,0.61,611,4.44,1.75,0.42,9.35,4.22,10.57,0.99,126.16,0.854166667
EDGENTA [s],1368,"Industrial Products & Services, Main Market",1.97,1.88,3.52,7938,19.27,14,1.83,10.22,7.11,10.53,1.08,1638.3,0.375
IDEAL [s],9687,"Property, Main Market",1.28,0.9,1.9,52,12.5,2,1.192,10.24,1.56,10.49,1.07,595.27,0.229166667
ECONBHD [s],5253,"Construction, Main Market",0.615,0.3,0.88,21172,3.14,0.5,0.3,19.59,0.81,10.46,2.05,822.56,1.458333333
AMTEL,7031,"Telecommunications & Media, Main Market",0.545,0.47,0.68,180,9.7,0,0.941,5.62,0,10.31,0.58,29.54,2.98
MMSV [s],113,"Technology, Main Market",0.61,0.325,0.935,8451,3.09,2,0.3,19.76,3.28,10.29,2.03,124.54,6.6
JAYCORP [s],7152,"Consumer Products & Services, Main Market",0.855,0.68,1.22,210,12.39,10,1.21,6.9,11.7,10.24,0.71,117.35,1.08
VSTECS [s],5162,"Technology, Main Market",1.52,0.7,1.67,34567,17.85,5.5,1.75,8.51,3.62,10.2,0.87,273.6,2.2
KHIND [s],7062,"Consumer Products & Services, Main Market",1.61,1.25,1.84,0,36.79,0,3.61,4.38,0,10.19,0.45,64.49,1.32
AME [s],5293,"Construction, Main Market",1.73,1.01,2.05,15439,14.92,3,1.48,11.59,1.73,10.08,1.17,738.91,0.44
AXREIT [s],5106,"Real Estate Investment Trusts, Main Market",2.02,1.66,2.15,23832,14.69,9.26,1.459,13.75,4.58,10.07,1.38,2913.51,0.54
DPHARMA [s],7148,"Health Care, Main Market",1.6,1.05,1.82,5325,7.94,5.5,0.79,20.14,3.44,10.06,2.03,1095.01,0.269230769
IBRACO [s],5084,"Property, Main Market",0.585,0.23,0.72,416,7.32,1,0.737,7.99,1.71,9.93,0.79,290.4,0.211538462
DPS [s],7198,"Property, Main Market",0.065,0.035,0.09,7101,2.08,,0.21,3.13,,9.89,0.31,38.21,2.269230769
PCCS [s],6068,"Consumer Products & Services, Main Market",0.32,0.16,0.635,10915,7.23,1,0.732,4.42,3.12,9.89,0.44,67.33,3.153846154
OCR [s],7071,"Construction, Main Market",0.355,0.185,0.475,123929,2.53,,0.26,14.02,,9.74,1.37,125.09,1.576923077
MFCB [s],3069,"Utilities, Main Market",6.29,3.1,7.18,5162,37.27,6,3.83,16.88,0.95,9.73,1.64,2994.01,1.019230769
EUPE [s],6815,"Property, Main Market",0.53,0.38,0.72,799,26.45,1.5,2.75,2,2.83,9.62,0.19,67.84,3.269230769
DELEUM [s],5132,"Energy, Main Market",0.64,0.34,1.11,755,8.09,4.4,0.85,7.91,6.88,9.52,0.75,256.99,1.596153846
JIANKUN [s],8923,"Property, Main Market",0.4,0.29,0.45,0,3.18,,0.34,12.59,,9.34,1.18,66.74,4.115384615
MAGNUM,3859,"Consumer Products & Services, Main Market",2.21,1.7,2.9,4138,16.3,16,1.75,13.56,7.24,9.31,1.26,3177.43,1.038461538
RHBBANK,1066,"Financial Services, Main Market",4.81,4.23,5.98,38631,60.43,31,6.5,7.96,6.44,9.3,0.74,19288.32,0.519230769
KIPREIT,5280,"Real Estate Investment Trusts, Main Market",0.795,0.6,0.915,2712,9.58,6.03,1.034,8.3,7.58,9.26,0.77,401.71,0.288461538
HLBANK,5819,"Financial Services, Main Market",14.2,11.7,19.2,10717,118.17,50,12.88,12.02,3.52,9.17,1.1,30781.6,0.019230769
PETDAG [s],5681,"Consumer Products & Services, Main Market",21,17.5,26.409,1483,51.23,85,5.59,40.99,4.05,9.16,3.76,20862.53,2.826923077
SUNREIT,5176,"Real Estate Investment Trusts, Main Market",1.6,1.5,1.98,42303,13.57,9.59,1.49,11.79,5.99,9.11,1.07,4712.13,0.423076923
D&O [s],7204,"Technology, Main Market",0.72,0.43,0.925,24489,2.9,1,0.319,24.81,1.39,9.1,2.26,812.57,0.230769231
OIB [s],5827,"Property, Main Market",1.65,1.58,2.2,0,26.26,8,2.92,6.28,4.85,8.99,0.57,255.52,1.648148148
BIPORT [s],5032,"Transportation & Logistics, Main Market",4.2,3.27,4.98,0,26.28,14,2.939,15.98,3.33,8.94,1.43,1932,4.074074074
MPI [s],3867,"Technology, Main Market",11.08,7.39,12.96,1254,63.85,27,7.15,17.35,2.44,8.93,1.55,2325.52,1.925925926
HIBISCS [s],5199,"Energy, Main Market",0.62,0.245,1.14,349296,7.6,,0.86,8.16,,8.83,0.72,984.7,3.240740741
HLFG,1082,"Financial Services, Main Market",13.48,9.75,18.96,731,156.95,42,17.8,8.59,3.12,8.82,0.76,15468.53,3.444444444
ILB,5614,"Transportation & Logistics, Main Market",0.27,0.22,0.48,150,8.36,0,0.959,3.23,0,8.72,0.28,52.66,0.425925926
PPHB [s],8273,"Industrial Products & Services, Main Market",0.69,0.325,1.4,5699,11.45,0.25,1.32,6.03,0.36,8.67,0.52,130.15,1.037037037
3A [s],12,"Consumer Products & Services, Main Market",0.735,0.53,0.92,143,6.26,2,0.724,11.75,2.72,8.64,1.02,361.62,0.814814815
BCB,6602,"Property, Main Market",0.33,0.19,0.395,626,10.1,,1.17,3.27,,8.63,0.28,136.13,0.925925926
TADMAX [s],4022,"Property, Main Market",0.285,0.12,0.33,53661,4.48,,0.526,6.36,,8.53,0.54,223.37,1.166666667
AMBANK,1015,"Financial Services, Main Market",3.13,2.82,4.42,20103,51.52,20,6.08,6.08,6.39,8.47,0.51,9434.4,2.888888889
WEGMANS [s],197,"Consumer Products & Services, Main Market",0.195,0.1,0.37,8172,1.35,0.5,0.16,14.43,2.56,8.45,1.22,97.5,1.444444444
OCNCASH [s],49,"Consumer Products & Services, Main Market",0.615,0.29,1.02,17769,3.02,1,0.36,20.38,1.63,8.37,1.71,150.86,0.314814815
SUNWAY [s],5211,"Industrial Products & Services, Main Market",1.36,1.25,1.87,22991,14.36,7.47,1.73,9.47,5.49,8.3,0.79,6710.15,0.462962963
PCHEM [s],5183,"Industrial Products & Services, Main Market",6.35,4,8.77,20053,31.49,18,3.8,20.17,2.83,8.29,1.67,50800,1.777777778
ACME [s],7131,"Property, Main Market",0.17,0.165,0.335,0,2.8,,0.34,6.06,,8.25,0.5,42.29,8.892857143
ZHULIAN [s],5131,"Consumer Products & Services, Main Market",1.18,0.95,1.636,796,10.78,12,1.308,10.94,10.17,8.24,0.9,542.8,0.428571429
INNATURE [s],5295,"Consumer Products & Services, Main Market",0.35,0.242,0.716,1150,3.02,1,0.184,11.59,2.86,8.23,1.91,247.06,1.75
ELKDESA,5228,"Financial Services, Main Market",1.36,1.09,1.77,1065,11.74,7.25,1.43,11.58,5.33,8.21,0.95,404.14,0.660714286
PIE [s],7095,"Industrial Products & Services, Main Market",1.3,0.706,1.618,3094,9.59,5,1.17,13.56,3.85,8.19,1.11,499.26,0.928571429
WONG [s],7050,"Industrial Products & Services, Main Market",0.385,0.28,0.65,3878,4.79,2.5,0.6,8.03,6.49,7.99,0.64,44.13,0.232142857
TALIWRK [s],8524,"Utilities, Main Market",0.85,0.635,0.95,952,4,5.25,0.504,21.23,6.18,7.95,1.69,1713.44,0.089285714
IGBREIT,5227,"Real Estate Investment Trusts, Main Market",1.79,1.43,2.1,18705,8.48,9.16,1.067,21.12,5.12,7.95,1.68,6363.5,0.892857143
FCW,2755,"Consumer Products & Services, Main Market",0.55,0.55,0.7,0,4.99,10,0.63,11.03,18.18,7.92,0.87,137.5,0.089285714
ALAQAR [s],5116,"Real Estate Investment Trusts, Main Market",1.39,1.19,1.65,128,10.29,7.75,1.301,13.51,5.58,7.91,1.07,1023.02,0.232142857
DKSH [s],5908,"Consumer Products & Services, Main Market",2.47,1.68,2.99,217,31.59,10,3.998,7.82,4.05,7.9,0.62,389.42,0.892857143
UOADEV [s],5200,"Property, Main Market",1.75,1.38,2.42,1653,20.31,14,2.58,8.62,8,7.87,0.68,3442.53,0.293103448
OSK,5053,"Property, Main Market",0.815,0.64,1.05,2115,18.97,5,2.42,4.3,6.13,7.84,0.34,1707.67,1.379310345
UNIMECH [s],7091,"Industrial Products & Services, Main Market",1.05,0.91,1.45,0,13.83,3.8,1.785,7.59,3.62,7.75,0.59,166.71,0.689655172
LSTEEL,9881,"Industrial Products & Services, Main Market",0.24,0.185,0.36,0,9.25,0,1.2,2.59,0,7.71,0.2,30.73,1.172413793
TIMWELL [s],7854,"Industrial Products & Services, Main Market",0.46,0.23,0.6,0,4.49,2,0.583,10.25,4.35,7.7,0.79,40.96,1.379310345
PERSTIM [s],5436,"Industrial Products & Services, Main Market",4.15,2.82,4.98,117,31.12,30,4.05,13.34,7.23,7.68,1.02,412.11,8.793103448
TECHBND,5289,"Industrial Products & Services, Main Market",0.805,0.48,0.96,16880,4.5,,0.59,17.9,,7.62,1.36,185.15,1.465517241
SPRITZER [s],7103,"Consumer Products & Services, Main Market",2.05,1.7,2.4,118,15.39,4.5,2.025,13.32,2.2,7.6,1.01,430.49,0.396551724
EWINT,5283,"Property, Main Market",0.445,0.31,1.14,123216,8.4,,1.12,5.3,,7.5,0.4,1068,0.724137931
FIHB [s],8605,"Consumer Products & Services, Main Market",0.5,0.1,0.64,10930,7.33,,0.986,6.83,,7.43,0.51,54.76,1.433333333
KNUSFOR [s],5035,"Industrial Products & Services, Main Market",0.63,0.49,0.92,20,16.78,0,2.273,3.75,0,7.38,0.28,62.78,1.233333333
WILLOW,8,"Technology, Main Market",0.485,0.3,0.645,3345,2.5,1.5,0.34,19.37,3.09,7.37,1.43,240.56,3.5
KSL [s],5038,"Property, Main Market",0.6,0.405,0.915,2595,22.12,0,3.02,2.71,0,7.33,0.2,622.5,10.4
RHONEMA,5278,"Consumer Products & Services, Main Market",0.63,0.59,0.845,210,4.33,1,0.6,14.57,1.59,7.21,1.05,126.54,0.2
MARCO,3514,"Consumer Products & Services, Main Market",0.1,0.08,0.125,1200,1.36,0.3,0.19,7.33,3,7.18,0.53,105.43,5
HLCAP,5274,"Financial Services, Main Market",9.38,9.6,9.6,0,23.51,22,3.29,39.9,2.35,7.15,2.85,2518.35,0.8
TROP [s],5401,"Property, Main Market",0.88,0.72,0.94,1250,22.84,,3.21,3.85,,7.11,0.27,1293.97,1.866666667
YSPSAH [s],7178,"Health Care, Main Market",2.26,1.45,2.59,473,17.06,8,2.4,13.24,3.54,7.11,0.94,316.79,0.9
HARISON,5008,"Consumer Products & Services, Main Market",3.78,2.89,3.92,60,33.48,20,4.71,11.29,5.29,7.11,0.8,258.89,0.733333333
ICONIC [s],9113,"Consumer Products & Services, Main Market",0.27,0.16,0.37,37796,2.48,,0.35,10.88,,7.09,0.77,87.4,0.967741935
CIMB,1023,"Financial Services, Main Market",3.58,3.09,5.45,75475,39.06,26,5.512,9.17,7.26,7.09,0.65,35524.24,2.129032258
ABMB,2488,"Financial Services, Main Market",2.2,1.48,3.82,22750,27.41,16.7,3.87,8.03,7.59,7.08,0.57,3405.83,0.967741935
SCIB [s],9237,"Industrial Products & Services, Main Market",2.11,0.84,3.49,6651,4.65,,0.66,45.35,,7.05,3.2,258.75,2.258064516
ORNA [s],5065,"Industrial Products & Services, Main Market",1,0.7,1.42,891,16.69,3,2.38,5.99,3,7.01,0.42,75.25,0.209677419
OKA [s],7140,"Industrial Products & Services, Main Market",0.58,0.38,0.825,768,5.1,3.7,0.73,11.38,6.38,6.98,0.79,142.33,0.935483871
PECCA [s],5271,"Industrial Products & Services, Main Market",0.87,0.675,1.3,3484,6.37,6,0.912,13.67,6.9,6.98,0.95,163.56,1.274193548
RGTBHD [s],9954,"Industrial Products & Services, Main Market",0.26,0.085,0.375,25771,0.76,0.3,0.109,34.1,1.15,6.97,2.38,150,0.548387097
UZMA [s],7250,"Energy, Main Market",0.59,0.31,1.14,22025,10.45,0,1.5,5.65,0,6.96,0.39,188.82,0.564516129
SUPERLN [s],7235,"Industrial Products & Services, Main Market",0.675,0.4,1.08,5596,5.61,3.05,0.807,12.04,4.52,6.95,0.84,108,0.903225806
HTPADU [s],5028,"Technology, Main Market",0.995,0.45,1.44,9076,7.02,0,1.03,14.18,0,6.81,0.97,100.72,1.241935484
LHI,6633,"Consumer Products & Services, Main Market",0.78,0.43,1.04,38882,3.06,1.6,0.452,25.47,2.05,6.78,1.73,2847,2.241935484
HIL [s],8443,"Industrial Products & Services, Main Market",0.57,0.415,0.605,300,7.18,1.75,1.06,7.93,3.07,6.78,0.54,190.4,0.258064516
ASIAFLE [s],7129,"Consumer Products & Services, Main Market",1.79,1.3,2.51,21,21.35,14,3.152,8.39,7.82,6.77,0.57,348.62,1.080645161
KIMLUN [s],5171,"Construction, Main Market",0.725,0.51,1.46,1171,14.44,3.7,2.14,5.02,5.1,6.75,0.34,246.37,0.129032258
TENAGA [s],5347,"Utilities, Main Market",11.48,10.365,13.704,46823,64.69,100,9.599,17.75,8.71,6.74,1.2,65488.77,0.64516129
ARANK,7214,"Industrial Products & Services, Main Market",0.4,0.27,0.565,0,5.39,2.5,0.8,7.42,6.25,6.74,0.5,68.04,0.064516129
TGL [s],9369,"Consumer Products & Services, Main Market",1.07,0.9,1.444,80,14.66,8.5,2.18,7.3,7.94,6.72,0.49,43.59,0.875
SOP [s],5126,"Plantation, Main Market",2.97,1.9,4.22,1161,26.74,5,3.98,11.11,1.68,6.72,0.75,1695.61,0.828125
VS [s],6963,"Industrial Products & Services, Main Market",0.98,0.6,1.52,143446,5.91,4.4,0.88,16.59,4.49,6.71,1.11,1827.45,2.40625
TM [s],4863,"Telecommunications & Media, Main Market",4.04,3.09,4.68,26384,12.66,10,1.896,31.9,2.48,6.68,2.13,15213.74,1.390625
GAMUDA [s],5398,"Construction, Main Market",3.44,2.36,4.3,20391,22.84,12,3.42,15.06,3.49,6.68,1.01,8646.53,4.75
HEXZA,3298,"Industrial Products & Services, Main Market",1.14,0.59,1.49,9895,7.2,5,1.08,15.83,4.39,6.67,1.06,228.43,1.390625
MBSB,1171,"Financial Services, Main Market",0.63,0.46,0.915,59564,8.34,5,1.259,7.56,7.94,6.62,0.5,4229.44,1.453125
ECOFIRS [s],3557,"Property, Main Market",0.32,0.295,0.39,1663,2.88,,0.436,11.12,,6.61,0.73,258.75,0.375
TALAMT [s],2259,"Property, Main Market",0.025,0.01,0.045,12580,0.59,,0.089,4.25,,6.6,0.28,107.38,7.8125
MNRB,6459,"Financial Services, Main Market",0.715,0.465,1.19,7744,19.82,2.5,3.02,3.61,3.5,6.56,0.24,559.91,1.703125
KARYON [s],54,"Industrial Products & Services, Main Market",0.175,0.085,0.225,93328,1.44,0.3,0.22,12.18,1.71,6.53,0.8,83.25,0.171875
EFORCE [s],65,"Technology, Main Market",0.445,0.23,0.745,20357,1.04,1,0.16,42.92,2.25,6.48,2.78,273.84,1.40625
FIAMMA [s],6939,"Consumer Products & Services, Main Market",0.47,0.35,0.55,0,6.7,2,1.04,7.01,4.26,6.45,0.45,239.71,0.875
KUB [s],6874,"Industrial Products & Services, Main Market",0.415,0.15,0.46,523727,3.93,,0.61,10.57,,6.44,0.68,230.93,1.25
SYMLIFE [s],1538,"Property, Main Market",0.395,0.25,0.465,5630,10.4,1,1.62,3.8,2.53,6.42,0.24,237.23,0.359375
TUNEPRO,5230,"Financial Services, Main Market",0.33,0.2,0.765,9475,4.63,3,0.74,7.12,9.09,6.26,0.45,248.08,0.666666667
YOCB [s],5159,"Consumer Products & Services, Main Market",0.635,0.43,1.12,659,9.11,5,1.46,6.97,7.87,6.24,0.43,101.6,0.893939394
MALAKOF [s],5264,"Utilities, Main Market",0.945,0.645,0.95,125242,6.85,6.55,1.1,13.8,6.93,6.22,0.86,4725,0.348484848
TAMBUN [s],5191,"Property, Main Market",0.51,0.36,0.8,10173,9.06,4.9,1.48,5.63,9.61,6.12,0.34,221.06,0.651515152
CMSB [s],2852,"Industrial Products & Services, Main Market",1.54,0.83,3.14,24982,14.92,3,2.46,10.32,1.95,6.06,0.63,1654.54,1.848484848
GBGAQRS [s],5226,"Construction, Main Market",0.86,0.595,1.54,1940,6.31,4.9,1.04,13.64,5.7,6.06,0.83,425.35,1.333333333
FAREAST [s],5029,"Plantation, Main Market",2.35,2,2.79,47,11.21,2.5,1.85,20.96,1.06,6.06,1.27,1395.52,3.03030303
GKENT [s],3204,"Construction, Main Market",0.625,0.43,1.27,6461,5.65,7,0.933,11.07,11.2,6.05,0.67,352.04,0.03030303
TECGUAN,7439,"Consumer Products & Services, Main Market",0.85,0.77,1.5,10,7.87,,1.303,10.8,,6.04,0.65,34.08,0.272727273
SHANG,5517,"Consumer Products & Services, Main Market",4.21,4.11,5.84,30,14.39,15,2.4,29.25,3.56,6,1.75,1852.4,2.212121212
FIBON,149,"Industrial Products & Services, Main Market",0.31,0.2,0.44,54,2.97,0.72,0.5,10.42,2.32,5.95,0.62,30.38,1.470588235
COMPLET [s],5136,"Transportation & Logistics, Main Market",0.53,0.39,0.97,472,6.54,0,1.1,8.1,0,5.95,0.48,67.5,1.720588235
APOLLO [s],6432,"Consumer Products & Services, Main Market",3.22,2.45,4.09,30,17.74,20,2.99,18.15,6.21,5.93,1.08,257.6,1.470588235
PAVREIT,5212,"Real Estate Investment Trusts, Main Market",1.62,1.35,1.91,10432,7.49,8.5,1.267,21.62,5.25,5.91,1.28,4930.2,1.117647059
YTLREIT,5109,"Real Estate Investment Trusts, Main Market",1.05,0.7,1.39,4064,9.15,7.87,1.561,11.48,7.5,5.86,0.67,1789.61,2.632352941
STELLA [s],5006,"Construction, Main Market",0.81,0.65,1.2,0,4.24,,0.73,19.09,,5.81,1.11,54.27,1.205882353
ASIAPAC [s],4057,"Property, Main Market",0.105,0.055,0.14,3740,5.96,,1.029,1.76,,5.79,0.1,108.9,1.897058824
SIME [s],4197,"Consumer Products & Services, Main Market",2.1,1.56,2.38,17682,12.16,10,2.1,17.27,4.76,5.79,1,14283.04,0.838235294
WANGZNG,7203,"Consumer Products & Services, Main Market",0.865,0.68,1.08,0,7.17,,1.24,12.06,,5.79,0.7,138.4,0.220588235
TA,4898,"Financial Services, Main Market",0.505,0.335,0.665,2400,8.56,1,1.48,5.9,1.98,5.78,0.34,864.51,1.428571429
PARAGON [s],9407,"Consumer Products & Services, Main Market",0.29,0.18,0.35,0,3.57,0,0.62,8.11,0,5.76,0.47,20.3,2.8
INNO [s],6262,"Plantation, Main Market",0.73,0.4,0.995,0,3.9,1,0.68,18.72,1.37,5.73,1.07,349.57,5.571428571
CSCENIC [s],7202,"Consumer Products & Services, Main Market",0.67,0.57,1.07,104,4.32,5,0.76,15.52,7.46,5.68,0.88,80.74,4.342857143
ADVCON [s],5281,"Construction, Main Market",0.395,0.21,0.475,103987,2.72,0.6,0.48,14.54,1.52,5.66,0.82,159.71,6
KMLOONG [s],5027,"Plantation, Main Market",1.13,0.895,1.64,80,4.36,6,0.77,25.94,5.31,5.66,1.47,1057.02,1.814285714
LAYHONG [s],9385,"Consumer Products & Services, Main Market",0.315,0.16,0.53,19524,2.89,0.5,0.52,10.88,1.59,5.57,0.61,207.99,0.542857143
TONGHER [s],5010,"Industrial Products & Services, Main Market",2.11,1.23,2.73,2580,17.14,10,3.08,12.31,4.74,5.57,0.69,332.18,0.385714286
HSL [s],6238,"Construction, Main Market",1.08,0.96,1.41,86,8.35,2.4,1.502,12.93,2.22,5.56,0.72,629.29,0.714285714
HARBOUR [s],2062,"Transportation & Logistics, Main Market",0.515,0.42,0.685,340,5.78,1,1.04,8.91,1.94,5.56,0.5,206.21,0.171428571
PESONA [s],8311,"Construction, Main Market",0.245,0.13,0.255,1320,1.47,1,0.267,16.64,4.08,5.52,0.92,170.27,0.694444444
PLB,7055,"Property, Main Market",1.21,0.98,1.6,0,7.6,,1.38,15.92,,5.51,0.88,136,1.097222222
LOTUS [s],8303,"Consumer Products & Services, Main Market",0.315,0.08,0.35,66402,0.44,0.5,0.08,71.56,1.59,5.5,3.94,217.48,2.5
ALSREIT [s],5269,"Real Estate Investment Trusts, Main Market",0.69,0.595,0.93,89,5.84,4.75,1.065,11.81,6.88,5.49,0.65,400.2,3.666666667
PANTECH [s],5125,"Industrial Products & Services, Main Market",0.375,0.25,0.57,12458,4.77,1.5,0.88,7.85,4,5.43,0.43,281.63,1.111111111
LYSAGHT,9199,"Industrial Products & Services, Main Market",2.13,1.95,2.7,5,20.32,7,3.75,10.48,3.29,5.42,0.57,88.56,1.583333333
AXIATA [s],6888,"Telecommunications & Media, Main Market",3.46,3.01,5.28,44879,9.21,9.5,1.7,37.57,2.75,5.42,2.04,31724.88,1.054054054
UTDPLT [s],2089,"Plantation, Main Market",13.14,11.121,14,399,68.29,135,12.68,19.24,10.27,5.39,1.04,5469.77,1.878378378
THETA [s],9075,"Technology, Main Market",0.37,0.16,0.58,1848,3.45,,0.64,10.74,,5.38,0.58,39.68,3.513513514
OCK,172,"Telecommunications & Media, Main Market",0.56,0.345,0.665,6653,3.06,0,0.57,18.32,0,5.36,0.98,536.8,0.567567568
AWC [s],7579,"Industrial Products & Services, Main Market",0.46,0.195,0.745,11097,3.72,1.5,0.698,12.35,3.26,5.34,0.66,137.55,0.5
SAB [s],5134,"Industrial Products & Services, Main Market",3.55,2.7,3.98,7,23.09,5,4.34,15.38,1.41,5.32,0.82,486.12,3.605263158
HPMT [s],5291,"Industrial Products & Services, Main Market",0.35,0.26,0.46,724,1.91,1.24,0.36,18.31,3.54,5.31,0.97,114.97,1.434210526
GHLSYS [s],21,"Technology, Main Market",1.9,1.04,2.1,4204,3.12,0,0.588,60.89,0,5.3,3.23,1442.61,0.5
PA [s],7225,"Industrial Products & Services, Main Market",0.055,0.035,0.075,22133,0.34,,0.064,16.31,,5.28,0.86,123.45,2.197368421
TURBO,5167,"Industrial Products & Services, Main Market",0.635,0.53,0.75,628,5.27,2,1,12.05,3.15,5.27,0.64,68.58,0.039473684
TOYOINK [s],7173,"Industrial Products & Services, Main Market",0.6,0.55,0.88,0,6.05,3,1.15,9.91,5,5.26,0.52,64.2,1.236842105
ORIENT,4006,"Consumer Products & Services, Main Market",5.79,4.5,6.67,712,56.57,30,10.747,10.24,5.18,5.26,0.54,3592.08,0.065789474
ZELAN [s],2283,"Construction, Main Market",0.06,0.03,0.11,16256,0.31,,0.06,19.05,,5.25,1,50.7,1.115384615
PMBTECH [s],7172,"Industrial Products & Services, Main Market",2.76,2.4,3.371,200,13.49,3.5,2.58,20.46,1.27,5.23,1.07,581.35,0.974358974
KAWAN [s],7216,"Consumer Products & Services, Main Market",1.78,0.815,2,7566,4.67,2.5,0.9,38.14,1.4,5.18,1.98,639.95,2.358974359
ASTINO [s],7162,"Industrial Products & Services, Main Market",0.485,0.37,0.76,500,7.49,1,1.45,6.47,2.06,5.17,0.33,132.95,1.551282051
AFFIN,5185,"Financial Services, Main Market",1.57,1.25,2.16,1513,23.87,0,4.62,6.58,0,5.17,0.34,3118.05,0.730769231
OFI [s],7107,"Consumer Products & Services, Main Market",0.705,0.45,0.81,2907,4.18,1.5,0.81,16.89,2.13,5.15,0.87,169.2,1.08974359
LBALUM [s],9326,"Industrial Products & Services, Main Market",0.41,0.26,0.615,360,6.28,1.5,1.22,6.53,3.66,5.15,0.34,101.88,0.358974359
CHINWEL [s],5007,"Industrial Products & Services, Main Market",1.02,0.68,1.83,460,10.24,7.85,1.99,9.96,7.7,5.14,0.51,305.52,1.871794872
ICON [s],5255,"Energy, Main Market",0.12,0.035,0.95,157613,0.66,,0.13,18.18,,5.08,0.92,319.73,1.875
LBS [s],5789,"Property, Main Market",0.355,0.31,0.585,21785,4.51,1.8,0.89,7.87,5.07,5.07,0.4,556.32,1.4125
RUBEREX [s],7803,"Industrial Products & Services, Main Market",2.78,0.435,4.54,33847,4.09,2,0.81,67.93,0.72,5.05,3.43,771.24,9.25
AEON [s],6599,"Consumer Products & Services, Main Market",0.995,0.91,1.83,20889,5.99,4,1.19,16.6,4.02,5.04,0.84,1396.98,1.325
SHL [s],6017,"Property, Main Market",2,1.75,2.81,110,17.26,16,3.43,11.59,8,5.03,0.58,484.25,0.6625
MUIPROP [s],3913,"Property, Main Market",0.18,0.145,0.255,120816,1.87,0,0.373,9.61,0,5.02,0.48,137.53,0.65
MAHSING [s],8583,"Property, Main Market",0.515,0.305,0.95,32830,7.22,3.35,1.44,7.13,6.5,5.02,0.36,1250.26,0.1
PPB [s],4065,"Consumer Products & Services, Main Market",17.88,15,19.96,5209,76.72,31,15.5,23.31,1.73,4.95,1.15,25436.07,0.743902439
DNEX [s],4456,"Technology, Main Market",0.175,0.07,0.31,74683,1.38,0.5,0.28,12.66,2.86,4.94,0.62,307.67,1.365853659
EKOVEST [s],8877,"Construction, Main Market",0.505,0.285,0.95,238759,4.67,1,0.95,10.8,1.98,4.92,0.53,1340.69,2.87804878
UPA [s],7757,"Consumer Products & Services, Main Market",2,1.74,2.3,170,16.45,8,3.35,12.16,4,4.91,0.6,159.16,2.036585366
CVIEW [s],5049,"Property, Main Market",0.95,0.9,1.5,0,20.12,3,4.1,4.72,3.16,4.91,0.23,95,0.585365854
LUSTER,5068,"Industrial Products & Services, Main Market",0.12,0.05,0.14,92264,0.44,,0.09,27.18,,4.91,1.33,260.84,1.573170732
ROHAS [s],9741,"Industrial Products & Services, Main Market",0.425,0.17,0.79,14005,3.43,0.5,0.7,12.38,1.18,4.91,0.61,200.88,0.268292683
IGBB,5606,"Property, Main Market",2.68,2.35,4.06,1319,19.91,3,4.101,13.46,1.12,4.86,0.65,2381.18,0.585365854
VIZIONE [s],7070,"Construction, Main Market",0.435,0.215,1.04,88752,4.91,,1.019,8.85,,4.82,0.43,269.05,0.670731707
POHKONG [s],5080,"Consumer Products & Services, Main Market",0.475,0.3,0.72,9000,6.58,1.2,1.37,7.22,2.53,4.8,0.35,194.92,2.073170732
BKAWAN [s],1899,"Plantation, Main Market",14.4,11,17.68,93,66.82,60,13.94,21.55,4.17,4.79,1.03,5753.31,0.658536585
MCT [s],5182,"Property, Main Market",0.18,0.07,0.41,11741,2.92,0,0.626,6.16,0,4.67,0.29,262.26,0.646341463
TRC [s],5054,"Construction, Main Market",0.32,0.2,0.7,7976,4.13,1.9,0.89,7.76,5.94,4.64,0.36,153.76,0.280487805
CBIP [s],7076,"Industrial Products & Services, Main Market",0.92,0.68,1.25,2285,6.6,4,1.44,13.93,4.35,4.59,0.64,495.19,0.158536585
IOICORP [s],1961,"Plantation, Main Market",4.31,3.41,4.82,18535,6.51,8,1.42,66.2,1.86,4.58,3.04,27088.52,2.154761905
ARREIT,5127,"Real Estate Investment Trusts, Main Market",0.68,0.5,0.845,2600,6.12,6.2,1.338,11.11,9.12,4.57,0.51,389.79,1.702380952
KLCC [s],5235SS,"Real Estate Investment Trusts, Main Market",7.96,7.38,8.48,7799,44.51,38,7.3,17.88,4.77,4.57,1.09,14370.45,0.880952381
AGES [s],7145,"Construction, Main Market",0.15,0.05,0.2,157837,2.79,,0.61,5.38,,4.57,0.25,126.59,0.773809524
AHP,4952,"Real Estate Investment Trusts, Main Market",0.695,0.58,0.83,240,5.79,5.75,1.267,12,8.27,4.57,0.55,152.9,4.119047619
TOMEI,7230,"Consumer Products & Services, Main Market",0.44,0.24,0.6,390,7.13,1,1.57,6.17,2.27,4.54,0.28,60.98,4.047619048
BONIA [s],9288,"Consumer Products & Services, Main Market",0.55,0.32,1.36,117,8.56,2,1.889,6.43,3.64,4.53,0.29,110.86,2.69047619
SBCCORP [s],5207,"Property, Main Market",0.385,0.18,0.5,0,7.28,1,1.62,5.29,2.6,4.5,0.24,99.38,1.285714286
CHINHIN [s],5273,"Industrial Products & Services, Main Market",0.645,0.4,0.92,4540,3.43,2,0.77,18.81,3.1,4.45,0.84,358.87,0.80952381
EIG [s],5081,"Consumer Products & Services, Main Market",0.455,0.39,0.675,30,3.34,3,0.75,13.63,6.59,4.45,0.61,107.92,1.047619048
LBICAP,8494,"Property, Main Market",0.43,0.345,0.75,40,6.12,5,1.39,7.03,11.63,4.4,0.31,43.66,0.166666667
DOMINAN [s],7169,"Industrial Products & Services, Main Market",0.71,0.655,1.3,114,7.92,7,1.81,8.96,9.86,4.38,0.39,117.32,0.604651163
HBGLOB,5187,"Consumer Products & Services, Main Market",0.09,0.03,0.155,57201,1.87,0,0.43,4.8,0,4.36,0.21,42.12,0.813953488
ASIABRN [s],7722,"Consumer Products & Services, Main Market",0.395,0.3,0.58,0,3.66,,0.85,10.79,,4.31,0.46,91.9,1.930232558
MESB [s],7234,"Consumer Products & Services, Main Market",0.22,0.155,0.53,7116,4.49,,1.05,4.9,,4.28,0.21,20.04,1.046511628
EDEN,7471,"Utilities, Main Market",0.17,0.09,0.375,45201,3.42,,0.81,4.97,,4.22,0.21,68.57,1.093023256
SUNSURIA [s],3743,"Property, Main Market",0.425,0.37,0.8,379,4.77,,1.13,8.91,,4.22,0.38,380.76,1.395348837
MYNEWS,5275,"Consumer Products & Services, Main Market",0.685,0.575,1.49,2965,1.85,1,0.44,36.94,1.46,4.21,1.56,467.28,1.093023256
SURIA [s],6521,"Transportation & Logistics, Main Market",0.96,0.82,1.45,2172,13.62,5,3.25,7.05,5.21,4.19,0.3,331.99,0.88372093
MSNIAGA [s],5011,"Technology, Main Market",0.99,0.55,1.5,12,8.01,0,1.919,12.35,0,4.18,0.52,59.8,0.523255814
PENSONI,9997,"Consumer Products & Services, Main Market",0.31,0.19,0.41,852,3.84,0,0.92,8.08,0,4.17,0.34,40.2,1.593023256
WATTA [s],7226,"Industrial Products & Services, Main Market",0.47,0.365,0.7,0,2.82,0,0.68,16.68,0,4.14,0.69,39.71,0.418604651
MEDIAC [s],5090,"Telecommunications & Media, Main Market",0.19,0.12,0.255,65055,1.71,1.08,0.414,11.1,5.68,4.13,0.46,320.57,0.441860465
CSCSTEL [s],5094,"Industrial Products & Services, Main Market",0.83,0.54,1.19,7133,9.26,6.6,2.25,8.96,7.95,4.12,0.37,315.4,1.069767442
FREIGHT [s],7210,"Transportation & Logistics, Main Market",0.5,0.38,0.64,372,4.3,3.5,1.05,11.63,7,4.09,0.48,139.61,0.681818182
GDEX [s],78,"Transportation & Logistics, Main Market",0.36,0.115,0.445,53901,0.37,0.25,0.09,97.99,0.69,4.08,4,2030.91,2.318181818
PANSAR [s],8419,"Industrial Products & Services, Main Market",0.92,0.43,0.95,115881,1.59,1,0.39,57.83,1.09,4.08,2.36,425.04,0.863636364
KLK [s],2445,"Plantation, Main Market",22.02,17.4,25.4,832,38.73,50,9.52,56.85,2.27,4.07,2.31,23804.01,6.681818182
ECOWLD [s],8206,"Property, Main Market",0.415,0.295,0.855,121427,6.35,,1.56,6.54,,4.07,0.27,1221.91,4.363636364
GENP [s],2291,"Plantation, Main Market",9.72,7.99,11.14,1651,21.36,13,5.26,45.5,1.34,4.06,1.85,8722.32,0.397727273
RESINTC [s],7232,"Industrial Products & Services, Main Market",0.245,0.17,0.35,0,4.13,2.5,1.031,5.93,10.2,4.01,0.24,33.62,0.102272727
AIRPORT,5014,"Transportation & Logistics, Main Market",5.6,3.92,8.88,36707,22.12,15,5.539,25.31,2.68,3.99,1.01,9291.47,0.272727273
UMSNGB [s],7227,"Industrial Products & Services, Main Market",0.715,0.69,0.965,0,5.04,3,1.27,14.19,4.2,3.97,0.56,57.2,0.079545455
GADANG [s],9261,"Construction, Main Market",0.465,0.225,0.94,66843,4.44,1.2,1.12,10.47,2.58,3.97,0.42,338.55,1.311111111
SWKPLNT [s],5135,"Plantation, Main Market",1.59,1.3,2.11,86,7.89,5,2,20.16,3.14,3.94,0.8,445.2,1.955555556
TAANN [s],5012,"Plantation, Main Market",2.36,1.81,3.56,1625,12.67,10,3.23,18.63,4.24,3.92,0.73,1049.83,0.866666667
KSENG,3476,"Industrial Products & Services, Main Market",3.71,3.3,4.9,168,24.47,10,6.25,15.16,2.7,3.91,0.59,1341.08,1.888888889
ECOHLDS [s],59,"Telecommunications & Media, Main Market",0.165,0.075,0.23,350,1.39,0,0.356,11.83,0,3.91,0.46,51.74,0.622222222
NOTION [s],83,"Technology, Main Market",0.63,0.273,0.92,38119,4.82,1,1.246,13.06,1.59,3.87,0.51,318.13,0.111111111
SKBSHUT [s],7115,"Industrial Products & Services, Main Market",0.42,0.38,0.55,0,8.16,0,2.12,5.14,0,3.85,0.2,16.8,1.326086957
GENM,4715,"Consumer Products & Services, Main Market",2.58,1.83,3.862,191057,11.94,20,3.16,21.6,7.75,3.78,0.82,15320.16,10.82608696
TMCLIFE,101,"Health Care, Main Market",0.505,0.365,0.74,3051,1.7,0.2,0.45,29.72,0.4,3.78,1.12,879.65,1
PRESTAR [s],9873,"Industrial Products & Services, Main Market",0.405,0.21,0.59,35788,5.61,1,1.49,7.21,2.47,3.77,0.27,82.96,0.663043478
CHINTEK,1929,"Plantation, Main Market",5.55,4.8,7.15,0,27.77,20,7.4,19.98,3.6,3.75,0.75,507.07,1.739130435
HCK,7105,"Property, Main Market",1.25,1.18,1.3,2622,1.83,,0.49,68.32,,3.73,2.55,530.16,0.79787234
MUDA [s],3883,"Industrial Products & Services, Main Market",1.53,0.835,1.82,5040,12.9,4,3.47,11.86,2.61,3.72,0.44,466.73,1.340425532
YEELEE [s],5584,"Consumer Products & Services, Main Market",2.06,1.7,2.35,3486,12.67,4,3.422,16.26,1.94,3.7,0.6,394.71,1.478723404
JKGLAND [s],6769,"Property, Main Market",0.07,0.045,0.09,15063,0.78,0.1,0.21,9.01,1.43,3.7,0.33,159.24,3.29787234
GENTING,3182,"Consumer Products & Services, Main Market",4.19,2.91,6.924,84267,33.58,22,9.1,12.48,5.25,3.69,0.46,16244.19,0.340425532
SUCCESS [s],7207,"Industrial Products & Services, Main Market",0.565,0.4,1.1,3725,5.04,5.7,1.369,11.21,10.09,3.68,0.41,141.11,0.563829787
TAGB,5158,"Property, Main Market",0.24,0.18,0.275,75070,2.17,1.6,0.59,11.06,6.67,3.68,0.41,1277.21,0.270833333
SCNWOLF [s],7239,"Industrial Products & Services, Main Market",0.205,0.065,0.36,11489,1.47,0,0.4,13.99,0,3.66,0.51,21.68,2.458333333
BREM,8761,"Construction, Main Market",0.705,0.52,0.8,230,6.15,4,1.69,11.47,5.67,3.64,0.42,243.56,0.958333333
SIMEPROP [s],5288,"Property, Main Market",0.7,0.475,1.03,17694,5.11,6,1.41,13.7,8.57,3.63,0.5,4760.59,0.59375
ANCOM [s],4758,"Industrial Products & Services, Main Market",0.7,0.38,0.815,823,4.92,,1.38,14.24,,3.56,0.51,177.06,2.395833333
KFIMA [s],6491,"Industrial Products & Services, Main Market",1.53,0.985,1.8,352,10.11,9,2.84,15.14,5.88,3.56,0.54,431.81,0.96875
MANULFE,1058,"Financial Services, Main Market",2.29,1.65,2.85,0,14.08,7,4.13,16.27,3.06,3.41,0.55,463.43,0.197916667
T7GLOBAL [s],7228,"Energy, Main Market",0.37,0.21,0.53,12301,1.34,0.5,0.4,27.65,1.35,3.35,0.92,196.79,0.395833333
MSC [s],5916,"Industrial Products & Services, Main Market",0.7,0.44,0.91,290,2.92,2,0.89,23.96,2.86,3.28,0.79,280,6.040816327
HEVEA [s],5095,"Industrial Products & Services, Main Market",0.395,0.23,0.635,18806,2.46,4,0.75,16.05,10.13,3.28,0.53,224.26,0.367346939
YNHPROP [s],3158,"Property, Main Market",2.91,2.34,3.38,67,7.16,0,2.2,40.62,0,3.26,1.32,1539.39,1.040816327
MALTON [s],6181,"Property, Main Market",0.38,0.235,0.585,6090,5.69,1.5,1.76,6.68,3.95,3.23,0.22,200.69,1.020408163
MKH [s],6114,"Property, Main Market",1.16,0.81,1.86,0,8.73,4,2.77,13.28,3.45,3.15,0.42,680.4,5.285714286
KEINHIN [s],7199,"Industrial Products & Services, Main Market",0.38,0.27,0.55,712,3.26,1,1.04,11.66,2.63,3.13,0.37,41.38,0.612244898
KPS [s],5843,"Industrial Products & Services, Main Market",0.52,0.265,1.06,1240,5.63,,1.8,9.24,,3.13,0.29,279.44,0.989795918
HIGHTEC [s],7033,"Industrial Products & Services, Main Market",0.92,0.895,1.28,0,8.13,3.5,2.604,11.31,3.8,3.12,0.35,37.36,0.663265306
JCBNEXT,58,"Industrial Products & Services, Main Market",1.21,1.15,1.56,50,7.46,4,2.39,16.22,3.31,3.12,0.51,166.72,0.19
CHGP [s],7187,"Transportation & Logistics, Main Market",0.345,0.235,0.41,3322,1.24,,0.4,27.74,,3.11,0.86,102.74,3.8
SIMEPLT [s],5285,"Plantation, Main Market",4.87,3.82,5.63,13796,5.93,1,1.92,82.18,0.21,3.09,2.54,33527.88,1.11
CRESNDO [s],6718,"Property, Main Market",0.91,0.77,1.3,0,9.96,6,3.23,9.13,6.59,3.08,0.28,255.22,1.31
BINTAI [s],6998,"Industrial Products & Services, Main Market",0.095,0.04,0.14,1369,0.88,,0.29,10.77,,3.04,0.33,27.51,0.17
CWG [s],9423,"Consumer Products & Services, Main Market",0.265,0.24,0.51,697,2.01,1.5,0.67,13.2,5.66,3,0.4,33.47,0.47
GMUTUAL [s],9962,"Property, Main Market",0.23,0.17,0.35,340,2.8,0.5,0.95,8.21,2.17,2.95,0.24,86.39,1.745098039
BJFOOD [s],5196,"Consumer Products & Services, Main Market",1.12,1,1.67,5315,2.99,4,1.028,37.42,3.57,2.91,1.09,428,0.519607843
NAIM [s],5073,"Property, Main Market",0.785,0.335,1.41,91616,7.61,,2.62,10.31,,2.91,0.3,403.33,1.666666667
IOIPG [s],5249,"Property, Main Market",1,0.825,1.43,7225,9.94,3,3.44,10.06,3,2.89,0.29,5506.15,0.37254902
KNM,7164,"Energy, Main Market",0.205,0.085,0.475,771869,1.88,,0.65,10.93,,2.89,0.32,542.17,0.696078431
UMS [s],7137,"Industrial Products & Services, Main Market",1.7,1.43,2.057,0,11.55,,4.02,14.72,,2.87,0.42,69.17,0.470588235
SPSETIA [s],8664,"Property, Main Market",0.875,0.55,2.19,34081,8.56,1,2.99,10.22,1.14,2.86,0.29,3537.17,1.173076923
YTLPOWR,6742,"Utilities, Main Market",0.675,0.48,0.845,6548,4.4,5,1.54,15.36,7.41,2.85,0.44,5506.79,3.038461538
UOAREIT,5110,"Real Estate Investment Trusts, Main Market",1.21,1.05,1.36,104,4.69,9.11,1.671,25.79,7.53,2.81,0.72,511.68,0.480769231
AMFIRST,5120,"Real Estate Investment Trusts, Main Market",0.42,0.32,0.515,343,3.44,3.35,1.225,12.22,7.98,2.81,0.34,288.29,0.240384615
MMCCORP [s],2194,"Transportation & Logistics, Main Market",0.74,0.45,1.25,27495,8.52,4.5,3.08,8.68,6.08,2.77,0.24,2253.34,1.264150943
HIAPTEK [s],5072,"Industrial Products & Services, Main Market",0.16,0.09,0.25,94210,1.74,0.5,0.63,9.2,3.12,2.76,0.25,216.66,1.339622642
GLOMAC [s],5020,"Property, Main Market",0.28,0.24,0.395,1989,3.91,0.8,1.42,7.16,2.86,2.75,0.2,224.03,0.754716981
MGB [s],7595,"Construction, Main Market",0.47,0.33,0.74,864,2.53,,0.92,18.56,,2.75,0.51,235.78,0.632075472
DRBHCOM [s],1619,"Consumer Products & Services, Main Market",1.72,0.98,3,52778,9.61,2,3.52,17.91,1.16,2.73,0.49,3325.17,0.424528302
PJBUMI [s],7163,"Industrial Products & Services, Main Market",0.135,0.105,0.31,0,0.71,,0.27,18.92,,2.64,0.5,11.07,1.462264151
SDRED [s],2224,"Property, Main Market",0.545,0.325,0.695,127,5.29,21.5,2.009,10.31,39.45,2.63,0.27,232.24,0.528301887
KPPROP [s],7077,"Property, Main Market",0.505,0.4,1.1,596,4.14,,1.588,12.21,,2.6,0.32,101.07,0.150943396
IJM [s],3336,"Construction, Main Market",1.8,1.15,2.51,4479,6.89,3,2.65,26.14,1.67,2.6,0.68,6550.72,0.160377358
TSH [s],9059,"Plantation, Main Market",0.83,0.56,1.59,15874,2.37,1,0.917,35.03,1.2,2.59,0.91,1146.9,0.925925926
PRLEXUS [s],8966,"Consumer Products & Services, Main Market",0.55,0.305,1.1,4002,3.38,0.3,1.31,16.29,0.55,2.58,0.42,99.54,0.666666667
IHH [s],5225,"Health Care, Main Market",5.36,4.55,5.95,11917,6.28,4,2.55,85.31,0.75,2.46,2.1,47045.9,1.259259259
BDB [s],6173,"Property, Main Market",0.265,0.19,0.43,30,3.73,0,1.53,7.11,0,2.44,0.17,80.52,1.590909091
VELESTO [s],5243,"Energy, Main Market",0.15,0.09,0.41,754476,0.87,,0.362,17.17,,2.41,0.41,1232.34,6.6
KPSCB [s],9121,"Industrial Products & Services, Main Market",0.35,0.265,0.53,0,4.39,,1.83,7.97,,2.4,0.19,51.74,3.127272727
UEMS [s],5148,"Property, Main Market",0.425,0.275,0.85,28895,3.79,0,1.58,11.23,0,2.4,0.27,1928.41,3.909090909
ATRIUM,5130,"Real Estate Investment Trusts, Main Market",1.03,0.805,1.182,208,3.01,5.18,1.282,34.17,5.03,2.35,0.8,210.76,0.436363636
SEAL [s],4286,"Property, Main Market",0.295,0.12,0.36,5950,2.87,,1.22,10.29,,2.35,0.24,71.67,1.318181818
CMMT,5180,"Real Estate Investment Trusts, Main Market",0.81,0.735,1.11,9435,2.89,6.25,1.237,28.03,7.72,2.34,0.65,1664.86,2.454545455
MENANG [s],1694,"Property, Main Market",0.34,0.2,0.385,892,1.56,,0.668,21.83,,2.33,0.51,163.47,1.446428571
E&O [s],3417,"Property, Main Market",0.405,0.3,0.82,10498,3.18,3,1.38,12.74,7.41,2.3,0.29,590.06,2.321428571
MQREIT,5123,"Real Estate Investment Trusts, Main Market",0.76,0.5,1.1,13200,2.75,6.8,1.202,27.61,8.95,2.29,0.63,814.56,1.946428571
AYER [s],2305,"Property, Main Market",5.36,3.8,6.21,42,15.98,5,6.99,33.54,0.93,2.29,0.77,401.21,4.107142857
PBA [s],5041,"Utilities, Main Market",0.86,0.725,1.16,160,4.39,3.5,2.06,19.59,4.07,2.13,0.42,284.89,0.267857143
PWF [s],7134,"Consumer Products & Services, Main Market",0.49,0.35,0.87,0,3.77,2,1.78,13,4.08,2.12,0.28,85.23,0.892857143
PETRONM [s],3042,"Energy, Main Market",4.02,2.49,6.27,706,13.3,12,6.305,30.22,2.99,2.11,0.64,1085.4,2.894736842
AJIYA [s],7609,"Industrial Products & Services, Main Market",0.4,0.2,0.505,842,2.51,0,1.19,15.94,0,2.11,0.34,121.83,3.298245614
FIMACOR [s],3107,"Industrial Products & Services, Main Market",1.46,1.01,1.96,278,4.82,12.5,2.29,30.29,8.56,2.1,0.64,358.08,0.48245614
APM [s],5015,"Industrial Products & Services, Main Market",1.72,1.5,2.8,650,13.51,10,6.51,12.73,5.81,2.08,0.26,346.75,3.333333333
RAPID,7765,"Property, Main Market",5.84,5.4,6.17,1854,2.8,0,1.37,208.44,0,2.05,4.26,624.28,6.228070175
TASCO,5140,"Transportation & Logistics, Main Market",0.935,0.65,1.33,0,4.44,2,2.18,21.03,2.14,2.04,0.43,187,0.903508772
NHFATT [s],7060,"Consumer Products & Services, Main Market",2.01,1.85,2.86,0,11.3,10,5.55,17.79,4.98,2.04,0.36,166.17,1.964912281
ENRA [s],8613,"Property, Main Market",0.7,0.68,1.46,7586,1.82,1.25,0.9,38.45,1.79,2.02,0.78,95.35,0.359649123
IMASPRO [s],7222,"Industrial Products & Services, Main Market",2.15,2,2.39,5614,3.24,3.5,1.61,66.28,1.63,2.01,1.34,172,0.105263158
APEX,5088,"Financial Services, Main Market",0.97,0.615,1.13,10,3.02,2,1.5,32.12,2.06,2.01,0.65,207.16,0.201754386
LIONPSIM [s],8486,"Industrial Products & Services, Main Market",0.305,0.185,0.475,120,4.88,,2.43,6.25,,2.01,0.13,70.63,1.706896552
PLENITU [s],5075,"Property, Main Market",1.03,0.735,1.43,404,8.2,4.5,4.08,12.57,4.37,2.01,0.25,392.98,1.775862069
XDL,5156,"Consumer Products & Services, Main Market",0.06,0.055,0.175,32473,1.61,,0.8,3.73,,2.01,0.08,108.29,1.982758621
HEXTAR [s],5151,"Industrial Products & Services, Main Market",0.56,0.475,0.835,36165,0.46,4.38,0.23,121.42,7.82,2.01,2.43,459.58,1.293103448
SCGM [s],7247,"Industrial Products & Services, Main Market",1.93,0.76,2.04,23333,1.69,1.5,0.853,114.09,0.78,1.98,2.26,373.65,1.198275862
SYCAL,9717,"Construction, Main Market",0.19,0.175,0.26,1000,1.32,,0.668,14.36,,1.98,0.28,79.1,1.293103448
TWRREIT,5111,"Real Estate Investment Trusts, Main Market",0.75,0.49,0.925,4500,3.49,5.93,1.896,21.47,7.91,1.84,0.4,210.38,0.517241379
POLY [s],8117,"Industrial Products & Services, Main Market",0.405,0.2,0.52,0,1.92,,1.052,21.05,,1.83,0.38,64.79,0.568965517
IBHD [s],4251,"Property, Main Market",0.16,0.095,0.395,7844,1.83,,1.02,8.75,,1.79,0.16,178.71,0.338983051
CGB [s],8052,"Industrial Products & Services, Main Market",0.4,0.3,0.595,36,0.94,,0.53,42.6,,1.77,0.75,36,0.220338983
WIDETEC,7692,"Industrial Products & Services, Main Market",0.53,0.43,0.7,0,1.5,,0.85,35.4,,1.76,0.62,23.72,3.694915254
LEONFB,5232,"Industrial Products & Services, Main Market",0.305,0.2,0.48,35,1.99,3,1.13,15.32,9.84,1.76,0.27,94.55,0.508474576
ANALABS [s],7083,"Industrial Products & Services, Main Market",1.03,0.815,1.16,280,4.34,2,2.48,23.72,1.94,1.75,0.42,123.65,1.576271186
ENGKAH [s],7149,"Consumer Products & Services, Main Market",0.71,0.68,1.12,100,1.77,,1.01,40.16,,1.75,0.7,50.24,3.389830508
EMETALL [s],7217,"Industrial Products & Services, Main Market",0.27,0.155,0.53,5488,2.31,0,1.32,11.69,0,1.75,0.2,50.84,0.847457627
LCTITAN [s],5284,"Industrial Products & Services, Main Market",1.78,0.975,3,17458,9.27,7,5.34,19.21,3.93,1.74,0.33,4107.87,0.084745763
DEGEM [s],7119,"Consumer Products & Services, Main Market",1.09,0.76,1.13,0,3.29,110,1.94,33.1,100.92,1.7,0.56,146.06,0.416666667
MELATI [s],5129,"Construction, Main Market",0.39,0.295,0.49,0,3.03,1,1.8,12.86,2.56,1.69,0.22,46.8,0.81147541
BJCORP,3395,"Industrial Products & Services, Main Market",0.19,0.17,0.275,10047,2.18,,1.296,8.73,,1.68,0.15,990.84,0.62295082
MENTIGA [s],5223,"Industrial Products & Services, Main Market",0.5,0.24,0.595,0,4.35,0,2.6,11.51,0,1.67,0.19,35,2.590163934
CRESBLD [s],8591,"Construction, Main Market",0.75,0.555,1.14,1983,4.98,3.5,3.03,15.05,4.67,1.64,0.25,132.69,1.31147541
HEKTAR,5121,"Real Estate Investment Trusts, Main Market",0.655,0.55,1.04,1400,2.08,7.77,1.314,31.51,11.86,1.58,0.5,302.58,1.262295082
KESM [s],9334,"Technology, Main Market",7.66,5,12,97,13.17,9,8.39,58.14,1.17,1.57,0.91,329.49,0.06557377
SENDAI [s],5205,"Construction, Main Market",0.29,0.14,0.49,106213,1.75,0,1.18,16.53,0,1.49,0.25,226.52,1.967213115
L&G [s],3174,"Property, Main Market",0.09,0.05,0.16,7970,0.52,1,0.364,17.44,11.11,1.42,0.25,267.58,4.435483871
HSSEB [s],185,"Industrial Products & Services, Main Market",0.495,0.25,1.19,15331,0.61,,0.44,80.93,,1.39,1.12,245.45,5.677419355
Y&G [s],7003,"Property, Main Market",0.64,0.64,0.995,0,1.84,0,1.34,34.72,0,1.38,0.48,139.83,1.048387097
PICORP [s],7201,"Industrial Products & Services, Main Market",0.11,0.06,0.14,5427,0.16,0.55,0.12,66.83,5,1.37,0.92,72.38,0.911290323
AFUJIYA [s],5198,"Industrial Products & Services, Main Market",0.415,0.255,0.71,576,1.2,,0.89,34.66,,1.35,0.47,74.7,0.516129032
EMICO [s],9091,"Consumer Products & Services, Main Market",0.14,0.08,0.25,3220,0.57,,0.43,24.38,,1.34,0.33,14.77,20.79365079
SOLID [s],5242,"Consumer Products & Services, Main Market",0.215,0.19,0.375,3599,0.5,0,0.38,43.43,0,1.3,0.57,87.21,3.174603175
LATITUD [s],7006,"Consumer Products & Services, Main Market",2,1.7,3.75,355,7.94,6,6.1,25.18,3,1.3,0.33,194.42,1.531746032
KENANGA,6483,"Financial Services, Main Market",0.555,0.355,0.62,4030,1.61,3.25,1.25,34.42,5.86,1.29,0.44,401.12,0.928571429
HSPLANT [s],5138,"Plantation, Main Market",1.52,1.25,2.14,140,2.62,2.5,2.04,58,1.64,1.28,0.75,1216,3.285714286
BRIGHT,9938,"Industrial Products & Services, Main Market",0.19,0.095,0.56,3957,0.71,,0.57,26.7,,1.25,0.33,39.01,1.222222222
ATLAN,7048,"Consumer Products & Services, Main Market",3.77,3.65,4.32,40,2.37,20,1.97,159.19,5.31,1.2,1.91,956.26,1.246031746
UMCCA [s],2593,"Plantation, Main Market",4.31,4,5.45,0,7.52,8,6.28,57.32,1.86,1.2,0.69,904.11,3.174603175
RVIEW [s],2542,"Plantation, Main Market",2.79,2.25,2.98,0,4.66,3,4.1,59.87,1.08,1.14,0.68,180.93,0.436507937
DKLS [s],7528,"Construction, Main Market",1.48,1.38,1.9,80,4.64,3,4.34,31.91,2.03,1.07,0.34,137.19,0.8671875
MHC [s],5026,"Plantation, Main Market",0.465,0.27,0.77,0,1.28,0,1.26,36.34,0,1.02,0.37,91.39,0.5234375
THRIVEN [s],7889,"Property, Main Market",0.215,0.14,0.48,22907,0.37,,0.37,57.76,,1.01,0.58,117.59,1
GUH [s],3247,"Industrial Products & Services, Main Market",0.35,0.16,0.52,6,1.81,,1.83,19.38,,0.99,0.19,97.27,1.078125
IVORY [s],5175,"Property, Main Market",0.135,0.115,0.22,5045,0.8,0,0.83,16.92,0,0.96,0.16,66.16,1.184615385
BJLAND,4219,"Consumer Products & Services, Main Market",0.165,0.105,0.24,3609,0.8,0,0.86,20.65,0,0.93,0.19,825.06,1.2
JERASIA,8931,"Consumer Products & Services, Main Market",0.235,0.13,0.4,2853,1.66,1,1.89,14.13,4.26,0.88,0.12,19.28,3.830769231
PGLOBE [s],3611,"Property, Main Market",0.8,0.68,1.08,0,1.14,0,1.3,70.01,0,0.88,0.62,149.33,2.076923077
MUHIBAH [s],5703,"Construction, Main Market",0.94,0.72,2.84,19885,2.04,7.5,2.38,46.11,7.98,0.86,0.39,456.11,0.378787879
INSAS,3379,"Financial Services, Main Market",0.635,0.35,0.92,6336,2.24,2,2.62,28.35,3.15,0.85,0.24,440.28,4.606060606
SHH [s],7412,"Consumer Products & Services, Main Market",0.385,0.275,0.55,0,1.17,0,1.38,32.85,0,0.85,0.28,19.25,6.575757576
SASBADI [s],5252,"Telecommunications & Media, Main Market",0.115,0.085,0.21,29802,0.31,,0.39,36.57,,0.81,0.29,48.2,0.772727273
COASTAL,5071,"Energy, Main Market",0.605,0.53,1.51,1467,1.8,0,2.25,33.55,0,0.8,0.27,323.89,0.75
TITIJYA [s],5239,"Property, Main Market",0.265,0.24,0.35,2280,0.67,0.15,0.86,39.32,0.57,0.78,0.31,359.85,4.46969697
MRCB [s],1651,"Property, Main Market",0.47,0.28,1.01,91523,0.8,1,1.093,58.83,2.13,0.73,0.43,2073.66,0.636363636
BSLCORP [s],7221,"Industrial Products & Services, Main Market",0.205,0.08,0.39,30,0.8,0,1.13,25.72,0,0.71,0.18,20.09,0.805970149
MINHO [s],5576,"Industrial Products & Services, Main Market",0.25,0.155,0.4,1100,0.75,1.15,1.09,33.15,4.6,0.69,0.23,85.13,1.485074627
MKLAND [s],8893,"Property, Main Market",0.115,0.05,0.19,8950,0.69,1,1,16.76,8.7,0.69,0.12,138.84,2.656716418
KEN [s],7323,"Property, Main Market",0.5,0.34,0.66,0,1.22,1.5,1.79,40.83,3,0.68,0.28,95.86,3.208955224
PRTASCO [s],5070,"Construction, Main Market",0.25,0.11,0.435,58719,0.46,1.2,0.678,54.63,4.8,0.68,0.37,123.85,3.176470588
TAWIN,7097,"Industrial Products & Services, Main Market",0.09,0.03,0.235,394124,0.22,,0.332,40.66,,0.67,0.27,32.17,0.264705882
MFLOUR,3662,"Consumer Products & Services, Main Market",0.515,0.335,0.755,7433,0.65,3,1.04,78.74,5.83,0.63,0.5,519.07,0.110294118
TCHONG,4405,"Consumer Products & Services, Main Market",1.09,0.98,1.51,245,2.74,4,4.59,39.8,3.67,0.6,0.24,732.48,1.079710145
CHOOBEE [s],5797,"Industrial Products & Services, Main Market",0.93,0.7,1.54,0,2.28,5,3.86,40.87,5.38,0.59,0.24,122.47,1.086956522
SIGN [s],7246,"Consumer Products & Services, Main Market",0.36,0.155,0.54,640,0.43,1,0.75,83.11,2.78,0.58,0.48,94.58,0.5
EG [s],8907,"Industrial Products & Services, Main Market",0.35,0.195,0.52,12778,0.71,,1.37,49.26,,0.52,0.26,96.25,1.264285714
YTL,4677,"Utilities, Main Market",0.81,0.6,1.14,7303,0.59,4,1.21,137.76,4.94,0.49,0.67,8928.44,1.242857143
DNONCE [s],7114,"Industrial Products & Services, Main Market",0.3,0.185,0.45,1590,0.19,,0.47,157.67,,0.4,0.64,78.68,0.528571429
HUAYANG [s],5062,"Property, Main Market",0.27,0.145,0.465,1221,0.63,0,1.6,42.97,0,0.39,0.17,95.04,1.042857143
FACBIND,2984,"Industrial Products & Services, Main Market",1.29,1,1.44,310,0.92,1,2.7,140.13,0.78,0.34,0.48,109.86,1.028169014
LFECORP [s],7170,"Industrial Products & Services, Main Market",0.16,0.09,0.3,10407,0.05,,0.17,306.87,,0.31,0.94,35.9,0.809859155
SMCAP [s],9776,"Consumer Products & Services, Main Market",0.12,0.06,0.195,911,0.12,,0.435,96.09,,0.29,0.28,25.66,0.11971831
ENGTEX [s],5056,"Industrial Products & Services, Main Market",0.56,0.46,0.865,308090,0.33,0.62,1.58,170.27,1.11,0.21,0.35,248.26,0.090277778
CYL [s],7157,"Industrial Products & Services, Main Market",0.285,0.27,0.475,300,0.12,0.5,0.642,241.53,1.75,0.18,0.44,28.5,1.972222222
CNOUHUA,5188,"Consumer Products & Services, Main Market",0.035,0.02,0.045,1000,0.02,0,0.19,142.56,0,0.13,0.18,23.38,1.666666667
TNLOGIS [s],8397,"Transportation & Logistics, Main Market",0.4,0.26,0.6,1608,0.16,0,1.53,257.06,0,0.1,0.26,184.31,1.277777778
CAMRES [s],7128,"Consumer Products & Services, Main Market",0.205,0.165,0.305,5,0.05,0,0.58,395.53,0,0.09,0.35,40.34,6.424657534
KAMDAR [s],8672,"Consumer Products & Services, Main Market",0.195,0.12,0.38,0,0.09,0,1.12,206.46,0,0.08,0.17,38.61,17.34246575
GPA,7096,"Industrial Products & Services, Main Market",0.095,0.07,0.13,400,0.01,,0.11,"1,502.35",,0.06,0.86,93.15,0.678082192
MHB [s],5186,"Energy, Main Market",0.385,0.255,0.97,19131,0.08,0,1.492,484.28,0,0.05,0.26,616,0.369863014
CCM [s],2879,"Industrial Products & Services, Main Market",1.2,0.59,2.12,2464,6.58,9,191,18.25,7.5,0.03,0.01,201.23,0.547297297
IMPIANA [s],7243,"Consumer Products & Services, Main Market",0.105,0.055,0.4,33432,0,,0.531,"6,750.15",,0,0.2,87.75,0.256756757
ALLIANZ-PA,1163PA,"Financial Services, Main Market",15.2,12.6,16.832,0,,0,,,0,0,,0,1.033783784
TASEK-PA,4448P,"Industrial Products & Services, Main Market",6.13,5.6,8.04,1,,0,,,0,0,,0,0.72972973
CAP,5229,"Industrial Products & Services, Main Market",0.01,0.01,0.01,0,-0.08,,-0.002,-12.36,,0,-5,13.62,7.432432432
AMEDIA [s],159,"Telecommunications & Media, Main Market",0.055,0.03,0.09,1000,-1,,-1.77,-5.49,,0,-0.03,13.17,0.168918919
EKA [s],7182,"Consumer Products & Services, Main Market",0.045,0.02,0.065,3850,-0.9,,-0.11,-5.01,,0,-0.41,14.04,2.797297297
BJMEDIA,6025,"Telecommunications & Media, Main Market",0.105,0.075,0.27,0,-5.19,,-0.04,-2.02,,0,-2.62,24.68,0.418918919
DAYA,91,"Energy, Main Market",0.005,0.005,0.015,10901,-2.18,0,-0.098,-0.23,0,0,-0.05,10.22,0.27027027
SCOMI [s],7158,"Energy, Main Market",0.04,0.01,0.12,67230,-27.46,,-0.02,-0.15,,0,-2,43.76,1.84
BARAKAH [s],7251,"Energy, Main Market",0.04,0.01,0.08,88559,-29.53,0,-20.76,-0.14,0,0,0,33.43,0.913333333
KINSTEL,5060,"Industrial Products & Services, Main Market",0.005,0.005,0.005,0,-14.51,0,-0.72,-0.03,0,0,-0.01,5.25,1.333333333
LONBISC,7126,"Consumer Products & Services, Main Market",0.02,0.01,0.34,0,-155.44,,-0.25,-0.01,,0,-0.08,5.82,1.04
APFT [s],5194,"Consumer Products & Services, Main Market",0.005,0.005,0.02,0,3.96,,0,0.13,,0,,6.71,0.4
DOLPHIN [s],5265,"Industrial Products & Services, Main Market",0.08,0.025,0.18,25003,-0.09,,9.8,-93.03,,-0.01,0.01,19.54,1.153333333
ANZO,9342,"Industrial Products & Services, Main Market",0.175,0.01,0.185,3677997,-0.24,,16.1,-72.63,,-0.01,0.01,155.14,0.723684211
KUCHAI,2186,"Financial Services, Main Market",1.27,0.88,2.15,0,-0.22,1.4,3.295,-588.61,1.1,-0.07,0.39,157.16,1.776315789
ADVPKG [s],9148,"Industrial Products & Services, Main Market",1.99,1.68,2.4,284,-0.12,6,1.53,"-1,700.12",3.02,-0.08,1.3,40.8,1.376623377
MERIDIAN [s],5040,"Property, Main Market",0.08,0.04,0.25,32127,-0.02,0,0.24,-331.92,0,-0.1,0.33,47.13,2.337662338
KRETAM [s],1996,"Plantation, Main Market",0.415,0.29,0.475,10513,-0.03,0,0.26,"-1,465.80",0,-0.11,1.6,965.96,1.116883117
ATTA [s],7099,"Industrial Products & Services, Main Market",0.445,0.375,0.59,0,-0.22,0,1.63,-205.92,0,-0.13,0.27,94.93,0.298701299
ULICORP [s],7133,"Industrial Products & Services, Main Market",0.345,0.23,0.64,400,-0.29,,1.31,-118.33,,-0.22,0.26,75.14,1.371794872
STAR [s],6084,"Telecommunications & Media, Main Market",0.36,0.225,0.66,17106,-0.25,2,1.09,-144.27,5.56,-0.23,0.33,265.88,0.58974359
LTKM [s],7085,"Consumer Products & Services, Main Market",1.05,0.975,1.36,0,-0.97,2,1.85,-107.91,1.9,-0.26,0.57,136.61,5.641025641
PERDANA [s],7108,"Energy, Main Market",0.175,0.1,0.555,99170,-0.17,,0.42,-101.4,,-0.41,0.42,386.65,1.064102564
XINHWA [s],5267,"Transportation & Logistics, Main Market",0.355,0.245,0.69,910,-0.36,0.5,0.83,-99.33,1.41,-0.43,0.43,76.68,1.949367089
KAREX,5247,"Consumer Products & Services, Main Market",0.49,0.26,0.645,9895,-0.22,0.5,0.47,-222.75,1.02,-0.47,1.04,491.16,0.772151899
NSOP,2038,"Plantation, Main Market",2.73,2.11,3.65,0,-3.66,8,7.77,-74.69,2.93,-0.47,0.35,191.65,0.360759494
CHEETAH [s],7209,"Consumer Products & Services, Main Market",0.295,0.18,0.35,0,-0.54,0.4,1.07,-54.8,1.36,-0.5,0.28,37.65,7.025316456
MASTEEL [s],5098,"Industrial Products & Services, Main Market",0.305,0.17,0.535,4843,-0.84,,1.66,-36.36,,-0.51,0.18,138.09,0.360759494
SCABLE [s],5170,"Industrial Products & Services, Main Market",0.245,0.1,0.41,81051,-25.1,0,49,-0.98,0,-0.51,0,77.68,0.120253165
TURIYA [s],4359,"Technology, Main Market",0.1,0.06,0.165,0,-0.31,,0.54,-32.44,,-0.57,0.19,22.87,0.23125
MPHBCAP,5237,"Financial Services, Main Market",0.77,0.49,1.19,750,-1.11,,1.9,-69.42,,-0.58,0.41,550.55,0.1625
NTPM [s],5066,"Consumer Products & Services, Main Market",0.51,0.295,0.615,3803,-0.23,1.6,0.4,-217.64,3.14,-0.59,1.27,572.83,0.05
PELIKAN [s],5231,"Consumer Products & Services, Main Market",0.295,0.185,0.59,19422,-0.42,0,0.69,-70.6,0,-0.61,0.43,179.4,0.3
MBG [s],5886,"Consumer Products & Services, Main Market",1.36,0.76,1.36,158,-1.24,1.5,1.77,-109.96,1.1,-0.7,0.77,82.69,0.1
MISC [s],3816,"Transportation & Logistics, Main Market",7.69,6.52,9.373,28266,-5.4,33,7.71,-142.43,4.29,-0.7,1,34326.57,0.537037037
LIENHOE,3573,"Property, Main Market",0.2,0.175,0.3,207,-0.97,,1.38,-20.66,,-0.7,0.14,72.35,0.271604938
EKSONS,9016,"Industrial Products & Services, Main Market",0.565,0.385,0.795,0,-1.96,0,2.68,-28.89,0,-0.73,0.21,92.78,0.170731707
ICAP,5108,"Closed-End Fund, Main Market",2.03,1.85,2.47,151,-2.26,0,3.02,-89.94,0,-0.75,0.67,284.2,0.908536585
CEPAT [s],8982,"Plantation, Main Market",0.46,0.285,0.74,10,-0.88,1.5,1.11,-52.33,3.26,-0.79,0.41,146.48,0.402439024
SUMATEC [s],1201,"Energy, Main Market",0.005,0.005,0.045,0,-0.1,,0.12,-4.92,,-0.85,0.04,21.26,0.572289157
BORNOIL [s],7036,"Industrial Products & Services, Main Market",0.03,0.01,0.05,43061,-0.12,,0.13,-25.24,,-0.91,0.23,160.21,0.427710843
GOPENG [s],2135,"Plantation, Main Market",0.7,0.53,0.71,0,-1.03,2.5,1.06,-67.88,3.57,-0.97,0.66,188.29,6.024096386
INCKEN [s],2607,"Plantation, Main Market",0.5,0.45,0.63,0,-1.72,1.06,1.68,-29.05,2.12,-1.02,0.3,210.38,0.427710843
FITTERS [s],9318,"Industrial Products & Services, Main Market",0.22,0.155,0.422,8677,-0.89,,0.835,-24.74,,-1.07,0.26,105.71,1.845238095
SJC [s],9431,"Telecommunications & Media, Main Market",0.44,0.36,0.59,0,-1.41,0,1.3,-31.13,0,-1.09,0.34,17.84,3.964285714
ALCOM,2674,"Industrial Products & Services, Main Market",0.41,0.18,0.6,0,-0.98,,0.89,-41.95,,-1.1,0.46,55.08,14.26190476
METROD,6149,"Industrial Products & Services, Main Market",1.37,1.08,1.65,0,-3.77,6,3.412,-36.35,4.38,-1.1,0.4,171.6,0.417647059
IWCITY [s],1589,"Property, Main Market",0.575,0.275,1.14,244940,-1.14,,0.95,-50.61,,-1.2,0.61,481.5,1.411764706
LEBTECH [s],9628,"Construction, Main Market",0.875,0.72,1.11,0,-1.15,,0.94,-75.82,,-1.23,0.93,119.42,1.211764706
NYLEX [s],4944,"Industrial Products & Services, Main Market",0.63,0.33,0.985,2979,-2.26,2,1.84,-27.83,3.17,-1.23,0.34,122.43,1
PAOS [s],5022,"Consumer Products & Services, Main Market",0.315,0.23,0.46,10,-0.65,1.6,0.52,-48.16,5.08,-1.26,0.61,57.07,0.988235294
BLDPLNT [s],5069,"Plantation, Main Market",6,4.72,6.78,660,-7.91,0,5.99,-75.83,0,-1.32,1,561,2.127906977
UNISEM [s],5005,"Technology, Main Market",2.07,1.53,2.93,2578,-2.51,6,1.888,-82.41,2.9,-1.33,1.1,1519.03,0.48255814
APB [s],5568,"Industrial Products & Services, Main Market",0.335,0.33,0.6,290,-1.94,0,1.4,-17.23,0,-1.39,0.24,37.81,0.25862069
PEB [s],5622,"Construction, Main Market",0.76,0.65,0.88,0,-1.46,0,1.03,-52.07,0,-1.42,0.74,52.54,1.920454545
MUH [s],9539,"Property, Main Market",0.3,0.24,0.54,0,-1.75,,1.14,-17.13,,-1.54,0.26,16.93,1.017045455
AMPROP,1007,"Property, Main Market",0.39,0.26,0.58,200,-2.28,3,1.43,-17.13,7.69,-1.59,0.27,285.92,0.550561798
XIANLNG [s],7121,"Consumer Products & Services, Main Market",0.325,0.2,0.73,0,-0.99,0,0.61,-32.93,0,-1.62,0.53,25.98,1.191011236
WCEHB,3565,"Construction, Main Market",0.285,0.145,0.63,5711,-1.64,,0.97,-17.37,,-1.69,0.29,375.99,1.382022472
TIENWAH,7374,"Industrial Products & Services, Main Market",1.02,0.76,1.34,50,-3.55,5.5,2.09,-28.73,5.39,-1.7,0.49,147.64,1.522222222
GREENYB [s],136,"Consumer Products & Services, Main Market",0.105,0.07,0.165,3020,-0.28,0.2,0.162,-37.72,1.9,-1.72,0.65,35.04,0.05
ABLEGRP [s],7086,"Industrial Products & Services, Main Market",0.08,0.04,0.095,0,-0.29,,0.17,-27.24,,-1.73,0.47,21.11,0.159340659
GRANFLO [s],56,"Technology, Main Market",0.265,0.165,0.3,16820,-0.36,0.5,0.198,-73.42,1.89,-1.82,1.34,133.47,0.659340659
BOXPAK,6297,"Industrial Products & Services, Main Market",1.07,0.815,1.37,225,-3.68,,2,-29.08,,-1.84,0.54,128.45,2.086956522
TAS [s],5149,"Transportation & Logistics, Main Market",0.225,0.14,0.46,4813,-1.69,0,0.891,-13.34,0,-1.89,0.25,40.5,3.130434783
P&O,6009,"Financial Services, Main Market",0.8,0.75,1,120,-1.95,4.2,1.01,-41.06,5.25,-1.93,0.79,229.65,1.706521739
AEM [s],7146,"Industrial Products & Services, Main Market",0.1,0.04,0.14,122672,-0.33,,0.17,-29.93,,-1.97,0.59,38.93,0.630434783
HUBLINE [s],7013,"Transportation & Logistics, Main Market",0.055,0.03,0.06,757673,-0.1,,0.05,-53.79,,-2.05,1.1,212.03,0.35326087
TASEK [s],4448,"Industrial Products & Services, Main Market",5.79,4.1,6,89,-8.67,0,4.222,-66.8,0,-2.05,1.37,715.77,0.301075269
AISB [s],2682,"Industrial Products & Services, Main Market",0.19,0.16,0.33,120,-2.02,0,0.974,-9.4,0,-2.07,0.2,27.43,1.35106383
WCT [s],9679,"Construction, Main Market",0.495,0.245,1.22,47519,-4.79,,2.26,-10.33,,-2.12,0.22,701.98,0.39893617
JCY [s],5161,"Technology, Main Market",0.29,0.13,0.365,41071,-0.92,0.5,0.436,-31.35,1.72,-2.12,0.67,605.31,0.742105263
SUBUR,6904,"Industrial Products & Services, Main Market",0.55,0.38,0.905,0,-6.68,0,3.01,-8.23,0,-2.22,0.18,114.95,3.326315789
QUALITY [s],7544,"Industrial Products & Services, Main Market",0.83,0.72,1.43,0,-3.89,0,1.72,-21.35,0,-2.26,0.48,48.11,0.705263158
NPC [s],5047,"Plantation, Main Market",1.85,1.7,2,0,-9.99,0,4.37,-18.51,0,-2.29,0.42,222,1.452631579
PPG [s],7190,"Telecommunications & Media, Main Market",0.29,0.23,0.35,0,-2.45,1,1.046,-11.85,3.45,-2.34,0.28,29.01,8.442105263
KSSC [s],5192,"Industrial Products & Services, Main Market",0.39,0.2,0.59,341,-1.91,0.5,0.8,-20.38,1.28,-2.39,0.49,37.44,1.863157895
CAELY [s],7154,"Consumer Products & Services, Main Market",0.33,0.185,0.575,4296,-1.28,,0.52,-25.69,,-2.47,0.63,55.07,1.354166667
CHUAN [s],7016,"Industrial Products & Services, Main Market",0.27,0.18,0.5,100,-4.59,1.1,1.79,-5.89,4.07,-2.56,0.15,45.54,1.166666667
KLUANG,2453,"Plantation, Main Market",3.16,2.62,3.65,3,-25.56,6,9.763,-12.36,1.9,-2.62,0.32,199.62,0.329896907
MALPAC,4936,"Plantation, Main Market",0.5,0.42,0.85,0,-5.89,0,2.18,-8.49,0,-2.7,0.23,37.5,1.979381443
AYS,5021,"Industrial Products & Services, Main Market",0.165,0.115,0.325,788,-1.9,1,0.69,-8.67,6.06,-2.76,0.24,62.77,1.103092784
TIGER [s],7079,"Property, Main Market",0.08,0.03,0.135,580,-0.64,,0.23,-12.53,,-2.78,0.35,117.49,0.403061224
MYCRON [s],5087,"Industrial Products & Services, Main Market",0.29,0.14,0.505,1065,-3.38,,1.19,-8.59,,-2.84,0.24,94.85,0.806122449
CJCEN [s],7117,"Transportation & Logistics, Main Market",0.375,0.205,0.47,576,-2.35,0.75,0.8,-15.93,2,-2.94,0.47,147.84,7.744897959
BPURI [s],5932,"Construction, Main Market",0.065,0.03,0.181,15997,-1.08,,0.361,-6.04,,-2.98,0.18,49.66,3.333333333
SALCON [s],8567,"Utilities, Main Market",0.155,0.1,0.27,8258,-1.55,,0.5,-9.99,,-3.1,0.31,131.3,0.429292929
DUTALND,3948,"Plantation, Main Market",0.365,0.275,0.46,1735,-4.5,5,1.44,-8.11,13.7,-3.13,0.25,308.83,1.25
GCE,5592,"Consumer Products & Services, Main Market",0.335,0.3,0.5,0,-3.67,0,1.07,-9.13,0,-3.43,0.31,66,0.06
CAB,7174,"Consumer Products & Services, Main Market",0.37,0.195,0.53,14856,-2.3,0.25,0.65,-16.08,0.68,-3.54,0.57,255.49,0.1
ACOSTEC [s],7120,"Consumer Products & Services, Main Market",0.385,0.22,0.78,25726,-1.81,0,0.51,-21.25,0,-3.55,0.75,74.9,0.410891089
GUOCO,1503,"Property, Main Market",0.53,0.37,0.75,364,-6.66,2,1.86,-7.95,3.77,-3.58,0.29,371.24,1.039215686
EVERGRN [s],5101,"Industrial Products & Services, Main Market",0.165,0.09,0.34,2870,-4.97,0.48,1.38,-3.32,2.91,-3.6,0.12,139.66,0.568627451
DIGISTA,29,"Technology, Main Market",0.06,0.015,0.075,12516,-0.33,,0.09,-18.34,,-3.64,0.67,47.31,7.281553398
SAPIND [s],7811,"Industrial Products & Services, Main Market",0.36,0.2,0.81,0,-5.17,5,1.41,-6.96,13.89,-3.67,0.26,26.2,0.912621359
SBAGAN,2569,"Plantation, Main Market",2.49,2.35,3.15,0,-31.11,2,8.133,-8,0.8,-3.82,0.31,165.17,0.111650485
PMCORP [s],4081,"Consumer Products & Services, Main Market",0.125,0.075,0.15,2160,-1.52,0.5,0.396,-8.23,4,-3.83,0.32,96.67,2.990384615
YILAI [s],5048,"Industrial Products & Services, Main Market",0.99,0.395,1.03,45940,-5.12,0,1.33,-19.34,0,-3.85,0.74,144.11,0.942307692
MJPERAK,8141,"Property, Main Market",0.34,0.18,0.445,1810,-2.74,0,0.69,-12.43,0,-3.96,0.49,96.14,0.389423077
JADEM [s],7043,"Industrial Products & Services, Main Market",0.8,0.8,1.25,0,-2.98,0,0.72,-26.87,0,-4.14,1.11,101.43,0.230769231
FARLIM,6041,"Property, Main Market",0.245,0.165,0.36,210,-4.36,,1.04,-5.62,,-4.19,0.24,41.26,12.7047619
CHHB [s],5738,"Property, Main Market",0.97,0.8,1.5,0,-12.62,,3,-7.69,,-4.21,0.32,267.44,1.485714286
BJASSET,3239,"Property, Main Market",0.285,0.245,0.31,1505,-3.56,,0.84,-8.01,,-4.24,0.34,729.07,1.301886792
CFM [s],8044,"Industrial Products & Services, Main Market",1.06,1.06,1.14,0,-4.63,,1.09,-22.87,,-4.25,0.97,43.46,7.349056604
WASEONG [s],5142,"Energy, Main Market",0.5,0.46,1.453,13770,-5.23,0.4,1.22,-9.57,0.8,-4.28,0.41,387.44,0.588785047
SEEHUP [s],7053,"Transportation & Logistics, Main Market",0.82,0.795,1,0,-4.22,1.8,0.983,-19.44,2.2,-4.29,0.83,65.95,0.440366972
PUNCAK [s],6807,"Construction, Main Market",0.22,0.09,0.4,12075,-12.73,0,2.92,-1.73,0,-4.36,0.08,98.84,0.550458716
SMI [s],4375,"Property, Main Market",0.125,0.07,0.3,4130,-3.66,,0.81,-3.42,,-4.52,0.15,26.24,0.440366972
PLS [s],9695,"Plantation, Main Market",0.635,0.35,0.99,226,-2.5,,0.551,-25.36,,-4.54,1.15,222.69,15.01818182
HWATAI [s],8478,"Consumer Products & Services, Main Market",0.27,0.15,0.35,0,-1.38,,0.302,-19.6,,-4.56,0.89,20.2,2.618181818
SALUTE [s],183,"Consumer Products & Services, Main Market",0.48,0.255,1.03,9598,-1.73,2.4,0.372,-27.72,5,-4.65,1.29,186.24,1.045454545
MERCURY [s],8192,"Construction, Main Market",0.57,0.42,0.83,60,-7.96,0,1.671,-7.16,0,-4.76,0.34,22.9,0.377272727
HENGYUAN [s],4324,"Energy, Main Market",3.5,2.2,5.38,2486,-36.9,0,7.442,-9.48,0,-4.96,0.47,1050,0.441441441
PASDEC [s],6912,"Property, Main Market",0.215,0.15,0.405,1089,-4.09,,0.82,-5.26,,-4.98,0.26,86.08,0.700892857
AASIA [s],7054,"Plantation, Main Market",0.105,0.05,0.235,20361,-1.45,,0.283,-7.27,,-5.1,0.37,69.3,0.669642857
PERMAJU [s],7080,"Consumer Products & Services, Main Market",0.255,0.255,1.07,1007085,-3.55,,0.68,-7.19,,-5.21,0.38,49.96,0.25
EUROSP [s],7094,"Consumer Products & Services, Main Market",0.395,0.32,0.5,0,-5.14,0,0.964,-7.69,0,-5.33,0.41,17.55,0.867256637
IJMPLNT,2216,"Plantation, Main Market",1.66,1.01,2.48,331,-7.2,2,1.35,-23.05,1.2,-5.34,1.23,1461.76,1.946902655
BPLANT [s],5254,"Plantation, Main Market",0.365,0.2,0.775,52013,-6.13,7,1.14,-5.95,19.18,-5.38,0.32,817.6,0.76754386
OLYMPIA,3018,"Consumer Products & Services, Main Market",0.09,0.05,0.125,2600,-2.22,,0.41,-4.05,,-5.42,0.22,92.11,0.719298246
TANCO,2429,"Property, Main Market",0.05,0.02,0.08,8382,-0.96,,0.173,-5.21,,-5.53,0.29,61.85,1.313043478
GLBHD,7382,"Plantation, Main Market",0.33,0.3,0.52,58,-10.41,0,1.82,-3.17,0,-5.72,0.18,73.56,1.732758621
LANDMRK,1643,"Consumer Products & Services, Main Market",0.255,0.2,0.63,602,-19.21,0,3.34,-1.33,0,-5.75,0.08,134.87,0.05982906
EFFICEN,64,"Industrial Products & Services, Main Market",0.145,0.05,0.205,17953,-1.04,0,0.18,-13.99,0,-5.76,0.81,102.82,0.897435897
KIALIM [s],6211,"Industrial Products & Services, Main Market",0.16,0.11,0.245,0,-5.21,,0.894,-3.07,,-5.83,0.18,9.91,1.101694915
SNC [s],7943,"Consumer Products & Services, Main Market",0.205,0.14,0.4,0,-2.11,,0.36,-9.73,,-5.85,0.57,13.53,10.20338983
WARISAN,5016,"Consumer Products & Services, Main Market",1.33,1.3,2.25,0,-28.23,3,4.82,-4.71,2.26,-5.86,0.28,89.38,1.294117647
FLBHD [s],5197,"Industrial Products & Services, Main Market",0.7,0.61,1.38,225,-9.86,,1.68,-7.1,,-5.87,0.42,74.82,0.066115702
MITRA [s],9571,"Construction, Main Market",0.195,0.15,0.385,3457,-5.12,1.5,0.85,-3.81,7.69,-6.03,0.23,174.75,0.340163934
BIG [s],7005,"Industrial Products & Services, Main Market",0.27,0.17,0.42,0,-3.5,,0.57,-7.72,,-6.14,0.47,14.28,2.196721311
JASKITA,8648,"Industrial Products & Services, Main Market",0.07,0.065,0.115,0,-0.87,0,0.14,-8.04,0,-6.22,0.5,31.47,0.209016393
TEKSENG [s],7200,"Consumer Products & Services, Main Market",0.61,0.115,0.685,65072,-3.36,0,0.54,-18.16,0,-6.22,1.13,220.01,4.195121951
RALCO [s],7498,"Industrial Products & Services, Main Market",0.32,0.18,0.36,0,-5.5,,0.88,-5.81,,-6.26,0.36,14.78,0.056910569
CNASIA,7986,"Industrial Products & Services, Main Market",0.63,0.32,0.69,13573,-5.17,0,0.82,-12.19,0,-6.3,0.77,31.45,1.266129032
MAA,1198,"Financial Services, Main Market",0.715,0.53,0.985,642,-11.42,6,1.79,-6.26,8.39,-6.38,0.4,195.41,0.02
YLI [s],7014,"Industrial Products & Services, Main Market",0.195,0.15,0.3,8998,-7.61,0,1.18,-2.56,0,-6.45,0.17,20.08,3.792
MIECO [s],5001,"Industrial Products & Services, Main Market",0.27,0.18,0.36,5462,-3.95,0,0.6,-6.83,0,-6.59,0.45,141.75,0.04
HOOVER [s],7010,"Property, Main Market",0.54,0.345,0.68,2910,-7.15,,1.06,-7.56,,-6.74,0.51,21.6,0.448412698
TEXCHEM,8702,"Industrial Products & Services, Main Market",0.48,0.195,0.67,3910,-13.08,0,1.907,-3.67,0,-6.86,0.25,59.57,0.350393701
SAPRES [s],4596,"Property, Main Market",0.47,0.345,0.7,70,-20.58,0,2.99,-2.28,0,-6.88,0.16,65.61,0.200787402
EASTLND [s],2097,"Consumer Products & Services, Main Market",0.06,0.035,0.115,1870,-4,,0.58,-1.5,,-6.89,0.1,19.46,1.535433071
DWL [s],7165,"Industrial Products & Services, Main Market",0.22,0.1,0.675,50196,-3.25,,0.468,-6.78,,-6.93,0.47,51.23,0.708661417
MCEMENT [s],3794,"Industrial Products & Services, Main Market",2.45,1.3,3.85,140,-19.47,0,2.77,-12.58,0,-7.03,0.88,2081.75,1.4453125
NIHSIN [s],7215,"Consumer Products & Services, Main Market",0.205,0.055,0.265,249226,-1.91,,0.27,-10.71,,-7.09,0.76,65.91,0.341085271
KWANTAS [s],6572,"Plantation, Main Market",0.47,0.46,0.9,0,-25.47,0,3.564,-1.85,0,-7.15,0.13,146.49,3.736434109
AZRB [s],7078,"Construction, Main Market",0.205,0.115,0.455,13549,-5.13,,0.714,-4,,-7.18,0.29,122.57,1.369230769
ANNJOO [s],6556,"Industrial Products & Services, Main Market",0.73,0.415,1.61,3526,-16.05,12,2.23,-4.55,16.44,-7.2,0.33,408.74,4.230769231
AIRASIA [s],5099,"Consumer Products & Services, Main Market",0.85,0.5,2.15,268119,-9.63,64,1.33,-8.82,75.29,-7.24,0.64,2840.68,0.05
PHB [s],4464,"Property, Main Market",0.015,0.005,0.02,72131,-0.14,,0.019,-10.73,,-7.24,0.78,150.05,1.621212121
MAGNA [s],7617,"Property, Main Market",0.76,0.7,1.25,30,-10.91,0,1.46,-6.96,0,-7.48,0.52,254.53,0.109848485
KIMHIN [s],5371,"Industrial Products & Services, Main Market",0.73,0.69,1.22,70,-21.8,0,2.89,-3.35,0,-7.54,0.25,113.6,0.582706767
ARMADA,5210,"Energy, Main Market",0.225,0.11,0.555,224846,-3.87,0,0.51,-5.82,0,-7.58,0.44,1324.33,1.888059701
JETSON [s],9083,"Industrial Products & Services, Main Market",0.18,0.05,0.195,800,-2.89,,0.378,-6.24,,-7.63,0.48,38.08,0.768656716
CNI [s],5104,"Consumer Products & Services, Main Market",0.05,0.03,0.095,10932,-0.77,0.3,0.1,-6.46,6,-7.74,0.5,36,0.82962963
EPMB [s],7773,"Industrial Products & Services, Main Market",0.325,0.21,0.37,0,-12.53,0,1.62,-2.59,0,-7.74,0.2,53.94,1.977941176
GESHEN [s],7197,"Industrial Products & Services, Main Market",0.44,0.28,0.65,0,-9.08,,1.17,-4.85,,-7.76,0.38,48.41,0.260869565
OWG,5260,"Consumer Products & Services, Main Market",0.325,0.155,0.74,13849,-6.84,,0.87,-4.75,,-7.87,0.37,92.66,11.26241135
JADI [s],7223,"Consumer Products & Services, Main Market",0.045,0.025,0.075,8710,-1.03,,0.13,-4.35,,-7.95,0.35,46.62,0.90070922
COMPUGT [s],5037,"Industrial Products & Services, Main Market",0.02,0.01,0.03,75,-0.32,,0.04,-6.25,,-8,0.5,51.49,1.021126761
FSBM,9377,"Technology, Main Market",0.13,0.03,0.14,0,-0.32,,0.04,-40.55,,-8.01,3.25,18.37,5.48951049
CYMAO [s],5082,"Industrial Products & Services, Main Market",0.18,0.18,0.34,250,-6.24,,0.73,-2.89,,-8.54,0.25,13.5,6.986111111
NICE [s],7139,"Consumer Products & Services, Main Market",0.06,0.03,0.075,118102,-0.43,,0.05,-14.01,,-8.57,1.2,42.15,0.854166667
SWSCAP [s],7186,"Consumer Products & Services, Main Market",0.415,0.25,0.775,208,-4.28,,0.498,-9.71,,-8.58,0.83,75.67,2.889655172
TOMYPAK [s],7285,"Industrial Products & Services, Main Market",0.445,0.3,0.555,5158,-3.68,0,0.42,-12.08,0,-8.77,1.06,187.06,0.04137931
SEB,5163,"Industrial Products & Services, Main Market",0.615,0.34,0.75,110,-2.28,0,0.26,-26.93,0,-8.78,2.37,49.2,6.150684932
GUNUNG [s],7676,"Transportation & Logistics, Main Market",0.545,0.255,0.655,4225,-3.42,,0.386,-15.92,,-8.87,1.41,131.8,0.07
TAFI [s],7211,"Consumer Products & Services, Main Market",0.295,0.175,0.39,29658,-4.76,0,0.53,-6.19,0,-8.99,0.56,23.6,0.04
BENALEC,5190,"Construction, Main Market",0.095,0.045,0.205,1910,-5.78,0,0.64,-1.64,0,-9.04,0.15,81.87,1.065789474
WMG [s],6378,"Property, Main Market",0.08,0.035,0.15,393,-3.86,,0.42,-2.07,,-9.2,0.19,34.09,0.470394737
FGV [s],5222,"Plantation, Main Market",1.02,0.715,1.59,73070,-10.45,2,1.11,-9.76,1.96,-9.41,0.92,3721.12,1.089171975
MILUX [s],7935,"Consumer Products & Services, Main Market",1.75,0.76,1.9,329,-6.62,0,0.7,-26.43,0,-9.46,2.5,102.84,0.300632911
GLOTEC [s],5220,"Industrial Products & Services, Main Market",0.38,0.18,0.515,12498,-8.34,,0.876,-4.56,,-9.52,0.43,102.25,1.25
LEWEKO [s],8745,"Industrial Products & Services, Main Market",0.2,0.06,0.26,35949,-1.91,,0.2,-10.47,,-9.55,1,73.38,0.347826087
BERTAM,9814,"Property, Main Market",0.15,0.1,0.285,50,-7.9,0,0.82,-1.9,0,-9.63,0.18,31.01,0.531055901
RSAWIT [s],5113,"Plantation, Main Market",0.28,0.115,0.465,89400,-3,0,0.3,-9.35,0,-9.98,0.93,397.18,4.572289157
TRIVE [s],118,"Technology, Main Market",0.005,0.005,0.02,121739,-0.2,,0.02,-2.47,,-10.12,0.25,15.25,0.389880952
PMHLDG [s],1287,"Consumer Products & Services, Main Market",0.18,0.045,0.21,183128,-0.34,,0.034,-52.28,,-10.13,5.29,167.2,0.310650888
CUSCAPI,51,"Technology, Main Market",0.115,0.045,0.235,296774,-1.04,,0.1,-11.07,,-10.39,1.15,98.82,7.905325444
MCEHLDG [s],7004,"Industrial Products & Services, Main Market",0.52,0.285,0.69,1024,-18.95,0,1.798,-2.74,0,-10.53,0.29,23.09,0.421052632
ARK [s],7007,"Property, Main Market",0.19,0.115,0.33,14,-2.85,,0.27,-6.68,,-10.54,0.7,12.02,5.431034483
GOB [s],1147,"Property, Main Market",0.21,0.135,0.29,2680,-6.02,0,0.56,-3.49,0,-10.74,0.37,95.48,0.08045977
VERTICE [s],7240,"Consumer Products & Services, Main Market",0.285,0.1,0.97,1880,-6.66,,0.62,-4.28,,-10.74,0.46,53.8,0.04
TDM,2054,"Plantation, Main Market",0.225,0.11,0.445,64371,-4.73,0,0.44,-4.76,0,-10.74,0.51,378.59,0.25
WOODLAN [s],7025,"Industrial Products & Services, Main Market",0.44,0.4,0.74,50,-10.72,1.5,0.99,-4.11,3.41,-10.82,0.44,17.6,0.289325843
MULPHA,3905,"Consumer Products & Services, Main Market",1.48,1.1,2.28,476,-91.28,,8.4,-1.62,,-10.87,0.18,473.04,1.189944134
KYM [s],8362,"Industrial Products & Services, Main Market",0.25,0.16,0.43,101,-6.13,,0.56,-4.08,,-10.94,0.45,37.47,0.069832402
HARNLEN [s],7501,"Plantation, Main Market",0.42,0.29,0.7,150,-16.2,,1.46,-2.59,,-11.1,0.29,77.9,2.071428571
HOKHENG [s],5165,"Industrial Products & Services, Main Market",0.43,0.34,0.75,107,-6.94,0,0.622,-6.19,0,-11.15,0.69,37.84,0.548913043
SNTORIA [s],5213,"Property, Main Market",0.115,0.09,0.265,1000,-9.71,,0.87,-1.18,,-11.16,0.13,65.24,2.402173913
JTIASA [s],4383,"Plantation, Main Market",0.49,0.27,1.12,12931,-13.2,0,1.17,-3.71,0,-11.29,0.42,477.12,0.550802139
SEALINK [s],5145,"Transportation & Logistics, Main Market",0.23,0.125,0.74,60059,-7.49,0,0.66,-3.07,0,-11.35,0.35,115,0.770053476
MINETEC [s],7219,"Industrial Products & Services, Main Market",0.29,0.05,0.35,663345,-0.92,,0.08,-31.52,,-11.5,3.62,321.23,0.788359788
REX [s],9946,"Consumer Products & Services, Main Market",0.28,0.22,0.42,0,-4.6,,0.4,-6.08,,-11.51,0.7,69.06,2.026455026
SMISCOR [s],7132,"Industrial Products & Services, Main Market",0.38,0.25,0.48,1,-14.82,0,1.28,-2.56,0,-11.58,0.3,17.02,0.317708333
GETS [s],5079,"Consumer Products & Services, Main Market",0.095,0.035,0.275,2766,-3.62,,0.31,-2.62,,-11.69,0.31,11.97,0.450520833
HWGB [s],9601,"Industrial Products & Services, Main Market",0.495,0.06,0.58,31763,-0.94,,0.08,-52.71,,-11.74,6.19,253.59,0.028645833
MTRONIC [s],43,"Industrial Products & Services, Main Market",0.04,0.015,0.08,81946,-1.07,,0.09,-3.73,,-11.9,0.44,49.83,1.953367876
WTHORSE [s],5009,"Industrial Products & Services, Main Market",0.705,0.645,1.19,0,-32.54,0,2.73,-2.17,0,-11.92,0.26,169.2,0.5
MYSCM [s],41,"Technology, Main Market",0.14,0.04,0.25,7158,-2.33,,0.192,-6,,-12.12,0.73,44.6,4.720812183
YONGTAI [s],7066,"Property, Main Market",0.07,0.035,0.34,11850,-7.73,,0.61,-0.91,,-12.67,0.11,67.02,0.85786802
MTDACPI [s],5924,"Construction, Main Market",0.155,0.065,0.25,571,-4.6,0,0.36,-3.37,0,-12.77,0.43,35.9,0.159898477
ENCORP,6076,"Property, Main Market",0.195,0.18,0.4,1800,-15.14,0,1.18,-1.29,0,-12.83,0.17,59.76,0.43
WTK [s],4243,"Industrial Products & Services, Main Market",0.405,0.2,0.64,34331,-26.4,1.5,2.03,-1.53,3.7,-13,0.2,194.94,2.545
OCB [s],5533,"Consumer Products & Services, Main Market",0.34,0.3,0.56,0,-24.63,0,1.82,-1.38,0,-13.53,0.19,34.97,1.771144279
VERSATL [s],4995,"Industrial Products & Services, Main Market",0.375,0.18,0.46,2115,-4.16,,0.3,-9.01,,-13.88,1.25,95.49,12.30693069
HUMEIND,5000,"Industrial Products & Services, Main Market",1.09,0.655,1.86,7727,-11.54,,0.83,-9.44,,-13.9,1.31,542.04,13.10679612
PARKSON [s],5657,"Consumer Products & Services, Main Market",0.09,0.065,0.26,11120,-24.1,,1.69,-0.37,,-14.26,0.05,98.45,0.22985782
TPC [s],7176,"Consumer Products & Services, Main Market",0.25,0.19,0.4,150,-5.22,,0.35,-4.79,,-14.91,0.71,58.45,0.490566038
GPACKET,82,"Telecommunications & Media, Main Market",0.545,0.35,1.65,383287,-4.33,,0.29,-12.59,,-14.93,1.88,549.9,9.583333333
AVI [s],8885,"Consumer Products & Services, Main Market",0.07,0.02,0.18,22145,-3.56,0,0.234,-1.97,0,-15.21,0.3,66.11,0.229910714
TOCEAN [s],7218,"Transportation & Logistics, Main Market",0.46,0.42,0.59,0,-13.43,,0.88,-3.42,,-15.26,0.52,18.86,0.942731278
ITRONIC [s],9393,"Technology, Main Market",0.085,0.03,0.13,0,-1.69,,0.11,-5.04,,-15.35,0.77,11.34,0.089912281
PNEPCB [s],6637,"Industrial Products & Services, Main Market",1.03,0.36,1.52,8467,-6.75,,0.44,-15.25,,-15.35,2.34,138.93,6.695652174
IQGROUP [s],5107,"Consumer Products & Services, Main Market",0.425,0.21,1.07,1763,-21.52,0,1.39,-1.98,0,-15.48,0.31,37.41,0.900414938
CEPCO [s],8435,"Industrial Products & Services, Main Market",0.55,0.4,0.885,0,-18.67,,1.2,-2.95,,-15.56,0.46,41.04,4.917355372
ALAM [s],5115,"Energy, Main Market",0.08,0.03,0.2,45032,-5.77,,0.37,-1.39,,-15.6,0.22,99.59,2.955645161
DYNACIA,5178,"Industrial Products & Services, Main Market",0.055,0.025,0.095,11301,-1.42,,0.089,-3.88,,-15.84,0.62,32.46,0.489959839
TSRCAP [s],5042,"Construction, Main Market",0.225,0.18,0.49,26,-14.51,,0.9,-1.55,,-16.12,0.25,39.25,0.080078125
PDZ [s],6254,"Transportation & Logistics, Main Market",0.045,0.01,0.055,134796,-1.13,,0.064,-3.97,,-17.69,0.7,39.9,1.926356589
COMCORP,7195,"Industrial Products & Services, Main Market",0.14,0.05,0.31,5490,-2.89,0,0.159,-4.84,0,-18.21,0.88,19.6,0.28957529
CCB,2925,"Consumer Products & Services, Main Market",1.42,1.15,2.14,75,-44.21,0,2.38,-3.21,0,-18.58,0.6,143.06,1.478927203
MINDA [s],5166,"Consumer Products & Services, Main Market",0.04,0.015,0.12,4674,-2.98,,0.16,-1.34,,-18.62,0.25,49.6,1.477443609
POS [s],4634,"Transportation & Logistics, Main Market",0.95,0.52,2,30932,-33.83,4,1.8,-2.81,4.21,-18.79,0.53,743.64,0.037313433
KOMARK [s],7017,"Industrial Products & Services, Main Market",0.42,0.15,0.44,69623,-5.08,,0.27,-8.27,,-18.82,1.56,86.35,0.710037175
SCOMIES [s],7045,"Energy, Main Market",0.12,0.035,0.65,18900,-14.74,,0.77,-0.81,,-19.14,0.16,56.2,0.603571429
AHB [s],7315,"Consumer Products & Services, Main Market",0.075,0.04,0.165,1400,-3.18,,0.164,-2.36,,-19.36,0.46,13.21,3.268292683
SYSCORP [s],5173,"Transportation & Logistics, Main Market",0.185,0.115,0.305,2803,-15.75,0,0.81,-1.17,0,-19.45,0.23,222,0.660899654
SYF [s],7082,"Consumer Products & Services, Main Market",0.135,0.12,0.225,12448,-7.76,1.25,0.39,-1.74,9.26,-19.89,0.35,76.85,0.411564626
MSM [s],5202,"Consumer Products & Services, Main Market",0.59,0.23,1.78,20717,-46.58,0,2.3,-1.27,0,-20.25,0.26,414.76,0.170068027
EURO [s],7208,"Consumer Products & Services, Main Market",1.05,0.08,1.52,7545,-4.73,,0.232,-22.22,,-20.35,4.52,280.67,0.040064103
REACH [s],5256,"Energy, Main Market",0.075,0.025,0.25,13956,-12.91,,0.63,-0.58,,-20.5,0.12,82.23,0.237730061
NWP [s],5025,"Industrial Products & Services, Main Market",0.115,0.065,0.23,150,-1.57,,0.077,-7.31,,-20.54,1.5,49.62,0.813253012
GPHAROS [s],5649,"Industrial Products & Services, Main Market",0.15,0.1,0.305,0,-8.94,1.27,0.43,-1.68,8.47,-20.79,0.35,20.52,0.59939759
LIONIND [s],4235,"Industrial Products & Services, Main Market",0.285,0.12,0.565,31540,-46.68,0,2.06,-0.61,0,-22.66,0.14,204.6,0.03003003
HANDAL [s],7253,"Energy, Main Market",0.21,0.135,0.485,768,-10.32,0,0.43,-2.04,0,-23.99,0.49,45.95,1.488095238
YKGI,7020,"Industrial Products & Services, Main Market",0.09,0.06,0.17,1300,-2.47,0,0.1,-3.65,0,-24.67,0.9,31.56,0.479768786
PRESBHD [s],5204,"Technology, Main Market",0.48,0.1,0.59,500203,-5.19,0,0.202,-9.26,0,-25.68,2.38,255.47,6.022922636
IREKA [s],8834,"Construction, Main Market",0.36,0.27,0.59,0,-14.96,0,0.57,-2.41,0,-26.25,0.63,67.21,1.349030471
BTM [s],7188,"Industrial Products & Services, Main Market",0.15,0.05,0.23,2257,-4.21,,0.16,-3.57,,-26.29,0.94,21.2,0.173130194
SEACERA [s],7073,"Industrial Products & Services, Main Market",0.26,0.12,0.565,13261,-30.08,,1.12,-0.86,,-26.86,0.23,125.25,0.520547945
KSTAR,5172,"Consumer Products & Services, Main Market",0.1,0.035,0.14,25923,-1.58,,0.058,-6.34,,-27.05,1.72,44.56,0.232240437
NGGB [s],7241,"Industrial Products & Services, Main Market",0.275,0.14,0.485,2300,-6.23,,0.23,-4.41,,-27.09,1.2,146.21,0.840540541
PRG [s],7168,"Consumer Products & Services, Main Market",0.145,0.055,1.3,7492,-11.05,0,0.396,-1.31,0,-27.91,0.37,60.59,0.590296496
MEDIA,4502,"Telecommunications & Media, Main Market",0.15,0.11,0.52,39165,-15.05,0,0.513,-1,0,-29.34,0.29,166.38,0.359042553
KEYASIC [s],143,"Technology, Main Market",0.09,0.02,0.135,86417,-0.78,,0.026,-11.54,,-29.55,3.41,95.62,0.67012987
MUDAJYA,5085,"Construction, Main Market",0.28,0.145,0.555,10416,-8.08,0,0.24,-3.47,0,-33.66,1.17,169.52,0.510204082
BSTEAD [s],2771,"Industrial Products & Services, Main Market",0.63,0.345,1.26,16809,-65.59,0,1.77,-0.96,0,-37.06,0.36,1277,0.439698492
THPLANT [s],5112,"Plantation, Main Market",0.3,0.185,0.685,6049,-26.02,0,0.63,-1.15,0,-41.29,0.48,265.16,0.920096852
PHARMA [s],7081,"Health Care, Main Market",2.25,0.91,2.86,4325,-56.06,8.5,1.34,-4.01,3.78,-41.83,1.68,587.77,0.880095923
PWORTH [s],7123,"Industrial Products & Services, Main Market",0.015,0.005,0.075,124631,-3,,0.07,-0.5,,-42.84,0.21,61.42,1.551312649
G3,7184,"Consumer Products & Services, Main Market",2.36,1.42,3.72,677,-3.6,,0.08,-65.48,,-45.05,29.5,1104.84,1.370283019
SAPNRG [s],5218,"Energy, Main Market",0.095,0.06,0.32,174045,-28.54,0.5,0.57,-0.33,5.26,-50.07,0.17,1518.01,7.24137931
CME [s],7018,"Industrial Products & Services, Main Market",0.035,0.02,0.04,8588,-3.33,,0.065,-1.05,,-50.84,0.54,20.45,0.702702703
EDARAN [s],5036,"Technology, Main Market",0.32,0.115,0.605,3278,-19.71,0,0.349,-1.62,0,-56.47,0.92,19.2,0.360178971
SINOTOP,8532,"Consumer Products & Services, Main Market",0.49,0.08,0.765,150501,-16.2,0,0.28,-3.03,0,-57.84,1.75,212.35,0.210643016
DATAPRP [s],8338,"Technology, Main Market",0.14,0.06,0.28,37117,-1.81,,0.03,-7.72,,-60.43,4.67,64.89,0.105032823
WZSATU [s],7245,"Industrial Products & Services, Main Market",0.225,0.05,0.305,56216,-16.34,,0.25,-1.38,,-65.34,0.9,115.13,0.189914163
BHIC [s],8133,"Transportation & Logistics, Main Market",0.735,0.56,1.36,0,-37.01,0,0.55,-1.99,0,-67.29,1.34,182.62,1.111111111
JOHAN,3441,"Financial Services, Main Market",0.06,0.03,0.1,500,-5.99,,0.084,-1,,-71.27,0.71,37.38,0.751540041
NATWIDE [s],9806,"Transportation & Logistics, Main Market",0.075,0.04,0.26,0,-31.25,,0.43,-0.24,,-72.68,0.17,9.24,0.197959184
DESTINI [s],7212,"Industrial Products & Services, Main Market",0.135,0.055,0.285,6793,-19.14,,0.24,-0.71,,-79.81,0.56,166.08,0.164
M&G,5078,"Transportation & Logistics, Main Market",0.075,0.04,0.11,210,-7.48,0,0.085,-1,0,-87.57,0.88,54.29,0.359925788
SAUDEE [s],5157,"Consumer Products & Services, Main Market",0.165,0.08,0.4,6082,-19.39,,0.22,-0.85,,-88.13,0.75,24.2,0.940540541
RSENA,5270,"SPAC, Main Market",0.505,0.505,0.505,0,-1.58,,0.017,-32.02,,-92.76,29.71,505,0.90052356
MPCORP,6548,"Property, Main Market",0.1,0.055,0.165,0,-21.15,,0.22,-0.47,,-96.15,0.45,28.77,0.360065466
KHEESAN [s],6203,"Consumer Products & Services, Main Market",0.275,0.165,0.56,6335,-66.87,1,0.66,-0.41,3.64,-101.32,0.42,31.46,1.269968051
SSTEEL,5665,"Industrial Products & Services, Main Market",0.475,0.33,1.22,3245,-75.96,0,0.72,-0.63,0,-105.5,0.66,283.25,1.359795134
MUIIND,3891,"Consumer Products & Services, Main Market",0.145,0.05,0.245,557641,-8.43,,0.078,-1.72,,-108.4,1.86,425.22,1.024327785
CENSOF [s],5195,"Technology, Main Market",0.105,0.035,0.15,52789,-14.1,,0.121,-0.74,,-116.43,0.87,52.69,0.075530587
IPMUDA [s],5673,"Industrial Products & Services, Main Market",0.23,0.175,0.47,0,-84.63,0,0.62,-0.27,0,-136.51,0.37,16.67,0.730205279
HUAAN [s],2739,"Energy, Main Market",0.085,0.035,0.195,27481,-19.36,0,0.14,-0.44,0,-138.31,0.61,97.1,0.089297439
GOODWAY [s],7192,"Industrial Products & Services, Main Market",0.17,0.115,0.24,6222,-20.16,0,0.11,-0.84,0,-183.31,1.55,26.87,1.299880526
KTB [s],4847,"Consumer Products & Services, Main Market",0.04,0.025,0.12,611,-8.5,,0.04,-0.47,,-212.49,1,16.11,0.089983931
AAX [s],5238,"Consumer Products & Services, Main Market",0.105,0.04,0.24,70685,-11.8,,0.05,-0.89,,-236,2.1,435.56,2.260204082
DOLMITE,5835,"Industrial Products & Services, Main Market",0.11,0.025,0.26,4225,-10.57,,0.04,-1.04,,-264.18,2.75,34.48,0.016997644
IKHMAS [s],5268,"Construction, Main Market",0.075,0.01,0.29,325345,-24.54,0,0.08,-0.31,0,-306.69,0.94,44.13,2.840248963
BRAHIMS [s],9474,"Consumer Products & Services, Main Market",0.11,0.07,0.39,1451,-11.46,0,0.03,-0.96,0,-381.84,3.67,25.99,0.510014454
PRKCORP,8346,"Transportation & Logistics, Main Market",0.135,0.09,0.47,40,-76.61,0,0.03,-0.18,0,"-2,553.57",4.5,13.5,0.080007159
